Date,ETH Price
2020-01-01 00:00:00 UTC,129.18638529253900
2020-01-02 00:00:00 UTC,130.4846850311140
2020-01-03 00:00:00 UTC,127.04525801179800
2020-01-04 00:00:00 UTC,133.70264861844200
2020-01-05 00:00:00 UTC,134.1368826978580
2020-01-06 00:00:00 UTC,135.00571364233400
2020-01-07 00:00:00 UTC,143.80639795566500
2020-01-08 00:00:00 UTC,143.019432264986
2020-01-09 00:00:00 UTC,140.27393527388700
2020-01-10 00:00:00 UTC,137.86055928182700
2020-01-11 00:00:00 UTC,144.6047743464790
2020-01-12 00:00:00 UTC,142.18233327497900
2020-01-13 00:00:00 UTC,145.42287633530500
2020-01-14 00:00:00 UTC,143.58796905036300
2020-01-15 00:00:00 UTC,165.99143854583500
2020-01-16 00:00:00 UTC,166.2530969048890
2020-01-17 00:00:00 UTC,163.80590111423000
2020-01-18 00:00:00 UTC,171.15621787671800
2020-01-19 00:00:00 UTC,174.23837318258900
2020-01-20 00:00:00 UTC,166.6271059505620
2020-01-21 00:00:00 UTC,166.93852805777000
2020-01-22 00:00:00 UTC,169.27993585839300
2020-01-23 00:00:00 UTC,167.8265296405670
2020-01-24 00:00:00 UTC,162.51937110634000
2020-01-25 00:00:00 UTC,162.40947975163600
2020-01-26 00:00:00 UTC,160.6736108617410
2020-01-27 00:00:00 UTC,167.6474095857560
2020-01-28 00:00:00 UTC,169.7364357354220
2020-01-29 00:00:00 UTC,175.19000305345400
2020-01-30 00:00:00 UTC,173.70688823620800
2020-01-31 00:00:00 UTC,184.72621843141000
2020-02-01 00:00:00 UTC,179.22910385240400
2020-02-02 00:00:00 UTC,183.33693755210300
2020-02-03 00:00:00 UTC,188.55064179431100
2020-02-04 00:00:00 UTC,189.86176346298200
2020-02-05 00:00:00 UTC,188.84220736948300
2020-02-06 00:00:00 UTC,203.8593183747100
2020-02-07 00:00:00 UTC,212.73341421352800
2020-02-08 00:00:00 UTC,223.27631974792000
2020-02-09 00:00:00 UTC,223.30077697426200
2020-02-10 00:00:00 UTC,228.29226083217300
2020-02-11 00:00:00 UTC,224.14699652028600
2020-02-12 00:00:00 UTC,236.78534852972600
2020-02-13 00:00:00 UTC,264.03276824299600
2020-02-14 00:00:00 UTC,267.6704445042510
2020-02-15 00:00:00 UTC,284.2318914741180
2020-02-16 00:00:00 UTC,263.8999463915960
2020-02-17 00:00:00 UTC,262.1562443168140
2020-02-18 00:00:00 UTC,267.9356656159880
2020-02-19 00:00:00 UTC,281.9457403055280
2020-02-20 00:00:00 UTC,259.1838037480290
2020-02-21 00:00:00 UTC,257.9883953048600
2020-02-22 00:00:00 UTC,265.1644591338590
2020-02-23 00:00:00 UTC,260.99654013152500
2020-02-24 00:00:00 UTC,274.6312157785520
2020-02-25 00:00:00 UTC,265.2421912203730
2020-02-26 00:00:00 UTC,248.31738139395100
2020-02-27 00:00:00 UTC,224.81050829744700
2020-02-28 00:00:00 UTC,225.42971511683800
2020-02-29 00:00:00 UTC,227.70528448376500
2020-03-01 00:00:00 UTC,218.34835692985300
2020-03-02 00:00:00 UTC,218.93979697447700
2020-03-03 00:00:00 UTC,231.67944604592200
2020-03-04 00:00:00 UTC,223.96011601810300
2020-03-05 00:00:00 UTC,224.13487737180200
2020-03-06 00:00:00 UTC,228.0809351016880
2020-03-07 00:00:00 UTC,244.23846951978700
2020-03-08 00:00:00 UTC,237.38079020191300
2020-03-09 00:00:00 UTC,198.81964228768600
2020-03-10 00:00:00 UTC,200.84687148188700
2020-03-11 00:00:00 UTC,200.74903854851800
2020-03-12 00:00:00 UTC,194.21794124025200
2020-03-13 00:00:00 UTC,110.5978978308350
2020-03-14 00:00:00 UTC,132.57285770180800
2020-03-15 00:00:00 UTC,123.030844108903
2020-03-16 00:00:00 UTC,124.60342553062200
2020-03-17 00:00:00 UTC,110.99159845334100
2020-03-18 00:00:00 UTC,117.21704138518500
2020-03-19 00:00:00 UTC,117.7004246469660
2020-03-20 00:00:00 UTC,136.81187578973600
2020-03-21 00:00:00 UTC,131.96469397290000
2020-03-22 00:00:00 UTC,131.94321845316700
2020-03-23 00:00:00 UTC,122.5205987665880
2020-03-24 00:00:00 UTC,135.58865798037100
2020-03-25 00:00:00 UTC,138.77657127268200
2020-03-26 00:00:00 UTC,136.23392142176800
2020-03-27 00:00:00 UTC,138.76693759902900
2020-03-28 00:00:00 UTC,130.2865618875770
2020-03-29 00:00:00 UTC,131.42405214081100
2020-03-30 00:00:00 UTC,125.31887451568900
2020-03-31 00:00:00 UTC,132.36373895415000
2020-04-01 00:00:00 UTC,133.2364468438200
2020-04-02 00:00:00 UTC,136.21638557312900
2020-04-03 00:00:00 UTC,141.4537053523870
2020-04-04 00:00:00 UTC,141.26154326644900
2020-04-05 00:00:00 UTC,144.200802681986
2020-04-06 00:00:00 UTC,142.8508834648480
2020-04-07 00:00:00 UTC,169.85504979336800
2020-04-08 00:00:00 UTC,164.5160197107310
2020-04-09 00:00:00 UTC,172.80356826747500
2020-04-10 00:00:00 UTC,170.09510352387600
2020-04-11 00:00:00 UTC,157.74015800780100
2020-04-12 00:00:00 UTC,158.32787794181900
2020-04-13 00:00:00 UTC,158.8638257195100
2020-04-14 00:00:00 UTC,156.70135879140700
2020-04-15 00:00:00 UTC,158.26715118299000
2020-04-16 00:00:00 UTC,153.2228636800280
2020-04-17 00:00:00 UTC,171.7759907508840
2020-04-18 00:00:00 UTC,170.445890477055
2020-04-19 00:00:00 UTC,187.14354411560600
2020-04-20 00:00:00 UTC,180.05859654051900
2020-04-21 00:00:00 UTC,170.70405868654000
2020-04-22 00:00:00 UTC,170.45154288047400
2020-04-23 00:00:00 UTC,182.2767576620700
2020-04-24 00:00:00 UTC,184.59370248021800
2020-04-25 00:00:00 UTC,187.34336861419600
2020-04-26 00:00:00 UTC,194.11423682570400
2020-04-27 00:00:00 UTC,197.22990444624000
2020-04-28 00:00:00 UTC,196.46262535084700
2020-04-29 00:00:00 UTC,197.15473156634300
2020-04-30 00:00:00 UTC,215.54817266567400
2020-05-01 00:00:00 UTC,205.55600541063700
2020-05-02 00:00:00 UTC,211.96829534905000
2020-05-03 00:00:00 UTC,213.94301121407500
2020-05-04 00:00:00 UTC,210.02470947464800
2020-05-05 00:00:00 UTC,206.8325342346070
2020-05-06 00:00:00 UTC,205.22517973985200
2020-05-07 00:00:00 UTC,200.25479450009400
2020-05-08 00:00:00 UTC,212.29247620086500
2020-05-09 00:00:00 UTC,211.68904835113800
2020-05-10 00:00:00 UTC,210.4318181376060
2020-05-11 00:00:00 UTC,188.13722615896600
2020-05-12 00:00:00 UTC,185.67471809740300
2020-05-13 00:00:00 UTC,189.30578181851300
2020-05-14 00:00:00 UTC,199.36937254304900
2020-05-15 00:00:00 UTC,203.21124699378400
2020-05-16 00:00:00 UTC,194.27309778153100
2020-05-17 00:00:00 UTC,200.58339090310000
2020-05-18 00:00:00 UTC,206.76889403683900
2020-05-19 00:00:00 UTC,214.35764164526800
2020-05-20 00:00:00 UTC,213.68672021176700
2020-05-21 00:00:00 UTC,209.9207882888630
2020-05-22 00:00:00 UTC,198.9175157507190
2020-05-23 00:00:00 UTC,206.22772963994600
2020-05-24 00:00:00 UTC,206.4112069583190
2020-05-25 00:00:00 UTC,200.69072858230600
2020-05-26 00:00:00 UTC,203.81011834235000
2020-05-27 00:00:00 UTC,200.96361540675900
2020-05-28 00:00:00 UTC,207.84589389085400
2020-05-29 00:00:00 UTC,219.59156405880200
2020-05-30 00:00:00 UTC,220.49116734603800
2020-05-31 00:00:00 UTC,242.70977026782700
2020-06-01 00:00:00 UTC,232.33100303896700
2020-06-02 00:00:00 UTC,248.04456658448700
2020-06-03 00:00:00 UTC,237.26532012867900
2020-06-04 00:00:00 UTC,244.1253366100760
2020-06-05 00:00:00 UTC,243.70782131595900
2020-06-06 00:00:00 UTC,240.24696898765100
2020-06-07 00:00:00 UTC,242.02164036721500
2020-06-08 00:00:00 UTC,244.22674439498000
2020-06-09 00:00:00 UTC,246.21278326044300
2020-06-10 00:00:00 UTC,243.8495266518990
2020-06-11 00:00:00 UTC,247.5419715295240
2020-06-12 00:00:00 UTC,232.00078536182000
2020-06-13 00:00:00 UTC,237.59341087744200
2020-06-14 00:00:00 UTC,238.29362910089200
2020-06-15 00:00:00 UTC,232.11252047744900
2020-06-16 00:00:00 UTC,231.0170115525280
2020-06-17 00:00:00 UTC,235.28847948297100
2020-06-18 00:00:00 UTC,233.8636184621820
2020-06-19 00:00:00 UTC,231.68485732135000
2020-06-20 00:00:00 UTC,228.9592128032190
2020-06-21 00:00:00 UTC,228.8691487972200
2020-06-22 00:00:00 UTC,227.79190590968700
2020-06-23 00:00:00 UTC,243.36470999245500
2020-06-24 00:00:00 UTC,243.07948223903700
2020-06-25 00:00:00 UTC,234.5649846444730
2020-06-26 00:00:00 UTC,232.64870349961600
2020-06-27 00:00:00 UTC,229.6365260272680
2020-06-28 00:00:00 UTC,221.0260852973420
2020-06-29 00:00:00 UTC,225.12294616525000
2020-06-30 00:00:00 UTC,228.20576377381200
2020-07-01 00:00:00 UTC,225.59281496891900
2020-07-02 00:00:00 UTC,230.66194359094900
2020-07-03 00:00:00 UTC,226.57442434030400
2020-07-04 00:00:00 UTC,225.1764054804080
2020-07-05 00:00:00 UTC,229.09471646218900
2020-07-06 00:00:00 UTC,227.8993750381920
2020-07-07 00:00:00 UTC,241.52685187431700
2020-07-08 00:00:00 UTC,238.96448054067800
2020-07-09 00:00:00 UTC,246.85900786802000
2020-07-10 00:00:00 UTC,241.97512857897900
2020-07-11 00:00:00 UTC,240.95495378293300
2020-07-12 00:00:00 UTC,239.10202554671400
2020-07-13 00:00:00 UTC,241.7715226007060
2020-07-14 00:00:00 UTC,239.63878681174100
2020-07-15 00:00:00 UTC,240.25147066847200
2020-07-16 00:00:00 UTC,238.66359720631700
2020-07-17 00:00:00 UTC,233.837074562722
2020-07-18 00:00:00 UTC,232.78147743826100
2020-07-19 00:00:00 UTC,235.6811447764250
2020-07-20 00:00:00 UTC,238.89523167867900
2020-07-21 00:00:00 UTC,236.06009844538700
2020-07-22 00:00:00 UTC,245.23373502634300
2020-07-23 00:00:00 UTC,263.7624639660020
2020-07-24 00:00:00 UTC,274.7236202591810
2020-07-25 00:00:00 UTC,279.42705624758200
2020-07-26 00:00:00 UTC,305.0381394111970
2020-07-27 00:00:00 UTC,310.51799095173600
2020-07-28 00:00:00 UTC,320.47619130968200
2020-07-29 00:00:00 UTC,316.4067660520560
2020-07-30 00:00:00 UTC,317.5390729161190
2020-07-31 00:00:00 UTC,334.7419220365620
2020-08-01 00:00:00 UTC,346.00350607288700
2020-08-02 00:00:00 UTC,387.94242117124700
2020-08-03 00:00:00 UTC,370.7323024312390
2020-08-04 00:00:00 UTC,386.24744771780900
2020-08-05 00:00:00 UTC,389.3830083498990
2020-08-06 00:00:00 UTC,400.18436250318000
2020-08-07 00:00:00 UTC,394.5417454611830
2020-08-08 00:00:00 UTC,379.1351558498160
2020-08-09 00:00:00 UTC,391.47843864211500
2020-08-10 00:00:00 UTC,389.62293111291100
2020-08-11 00:00:00 UTC,395.20991365718900
2020-08-12 00:00:00 UTC,379.17476395275400
2020-08-13 00:00:00 UTC,387.50053082397900
2020-08-14 00:00:00 UTC,427.49026536796900
2020-08-15 00:00:00 UTC,438.7625874702970
2020-08-16 00:00:00 UTC,432.6546652389320
2020-08-17 00:00:00 UTC,433.43186093211200
2020-08-18 00:00:00 UTC,430.03250508972300
2020-08-19 00:00:00 UTC,422.10665286599400
2020-08-20 00:00:00 UTC,406.5744691821070
2020-08-21 00:00:00 UTC,416.46977582279800
2020-08-22 00:00:00 UTC,386.8238914189480
2020-08-23 00:00:00 UTC,395.88501828908600
2020-08-24 00:00:00 UTC,390.7891350477380
2020-08-25 00:00:00 UTC,408.2691456317230
2020-08-26 00:00:00 UTC,383.66214311829900
2020-08-27 00:00:00 UTC,385.75249987492100
2020-08-28 00:00:00 UTC,381.8376513210840
2020-08-29 00:00:00 UTC,395.1382132386200
2020-08-30 00:00:00 UTC,399.374543834064
2020-08-31 00:00:00 UTC,428.2956791635220
2020-09-01 00:00:00 UTC,435.6930232991010
2020-09-02 00:00:00 UTC,475.6846642626860
2020-09-03 00:00:00 UTC,439.35376021531500
2020-09-04 00:00:00 UTC,383.6915311779980
2020-09-05 00:00:00 UTC,387.9040290939170
2020-09-06 00:00:00 UTC,334.46859301354300
2020-09-07 00:00:00 UTC,352.99300214607000
2020-09-08 00:00:00 UTC,351.8778602924000
2020-09-09 00:00:00 UTC,337.84505193506900
2020-09-10 00:00:00 UTC,351.2322670832360
2020-09-11 00:00:00 UTC,367.63892881000700
2020-09-12 00:00:00 UTC,373.9149059897520
2020-09-13 00:00:00 UTC,387.72351629002300
2020-09-14 00:00:00 UTC,365.695506306262
2020-09-15 00:00:00 UTC,376.394561113407
2020-09-16 00:00:00 UTC,364.6900450860690
2020-09-17 00:00:00 UTC,365.13055081164800
2020-09-18 00:00:00 UTC,388.7974562319940
2020-09-19 00:00:00 UTC,383.17286599152100
2020-09-20 00:00:00 UTC,385.4721234936850
2020-09-21 00:00:00 UTC,370.9678951624780
2020-09-22 00:00:00 UTC,341.27713087183100
2020-09-23 00:00:00 UTC,343.9175471009490
2020-09-24 00:00:00 UTC,321.0774351739630
2020-09-25 00:00:00 UTC,348.8210199785490
2020-09-26 00:00:00 UTC,351.3315670221180
2020-09-27 00:00:00 UTC,354.2615819143100
2020-09-28 00:00:00 UTC,357.0664364067550
2020-09-29 00:00:00 UTC,354.4295835375510
2020-09-30 00:00:00 UTC,359.4260895383700
2020-10-01 00:00:00 UTC,359.59898475085800
2020-10-02 00:00:00 UTC,353.1978481381710
2020-10-03 00:00:00 UTC,345.9125682279140
2020-10-04 00:00:00 UTC,345.99246319342900
2020-10-05 00:00:00 UTC,352.4588065039610
2020-10-06 00:00:00 UTC,353.6044273109070
2020-10-07 00:00:00 UTC,340.6160218128090
2020-10-08 00:00:00 UTC,341.4437964782810
2020-10-09 00:00:00 UTC,350.0556765681250
2020-10-10 00:00:00 UTC,365.33944481939400
2020-10-11 00:00:00 UTC,370.4718109734290
2020-10-12 00:00:00 UTC,374.4970150925740
2020-10-13 00:00:00 UTC,387.25555835657200
2020-10-14 00:00:00 UTC,381.16877389892300
2020-10-15 00:00:00 UTC,379.21025376092800
2020-10-16 00:00:00 UTC,377.15868107868200
2020-10-17 00:00:00 UTC,365.9906423831470
2020-10-18 00:00:00 UTC,368.6504703636900
2020-10-19 00:00:00 UTC,378.0493653237600
2020-10-20 00:00:00 UTC,379.6394773321800
2020-10-21 00:00:00 UTC,368.2270142350450
2020-10-22 00:00:00 UTC,391.16674217757200
2020-10-23 00:00:00 UTC,413.2018903361910
2020-10-24 00:00:00 UTC,408.88948864371900
2020-10-25 00:00:00 UTC,411.95921775305000
2020-10-26 00:00:00 UTC,406.157094148215
2020-10-27 00:00:00 UTC,393.38290839224500
2020-10-28 00:00:00 UTC,403.529837833562
2020-10-29 00:00:00 UTC,388.87733988207800
2020-10-30 00:00:00 UTC,386.4460129872920
2020-10-31 00:00:00 UTC,382.9007710380910
2020-11-01 00:00:00 UTC,385.8445887975080
2020-11-02 00:00:00 UTC,394.9363420491720
2020-11-03 00:00:00 UTC,383.8498034220400
2020-11-04 00:00:00 UTC,387.616373722075
2020-11-05 00:00:00 UTC,401.7330968324720
2020-11-06 00:00:00 UTC,415.9277704309720
2020-11-07 00:00:00 UTC,454.6515430984700
2020-11-08 00:00:00 UTC,435.4183540833090
2020-11-09 00:00:00 UTC,455.3583669721690
2020-11-10 00:00:00 UTC,445.0512933420700
2020-11-11 00:00:00 UTC,449.8161845012960
2020-11-12 00:00:00 UTC,463.18087172032300
2020-11-13 00:00:00 UTC,462.2056195794900
2020-11-14 00:00:00 UTC,475.9690936576020
2020-11-15 00:00:00 UTC,462.7183970607930
2020-11-16 00:00:00 UTC,449.2068016397430
2020-11-17 00:00:00 UTC,461.3711967052670
2020-11-18 00:00:00 UTC,482.1983847235400
2020-11-19 00:00:00 UTC,479.43766136247400
2020-11-20 00:00:00 UTC,471.31795839441200
2020-11-21 00:00:00 UTC,508.79221458524500
2020-11-22 00:00:00 UTC,548.842116249849
2020-11-23 00:00:00 UTC,560.5088874583060
2020-11-24 00:00:00 UTC,608.2733109189420
2020-11-25 00:00:00 UTC,602.6662623938870
2020-11-26 00:00:00 UTC,568.2751530404490
2020-11-27 00:00:00 UTC,518.4670452162000
2020-11-28 00:00:00 UTC,517.5530264056010
2020-11-29 00:00:00 UTC,537.3926120944480
2020-11-30 00:00:00 UTC,574.7511196548440
2020-12-01 00:00:00 UTC,612.2637856122060
2020-12-02 00:00:00 UTC,589.5818443540980
2020-12-03 00:00:00 UTC,598.760610095824
2020-12-04 00:00:00 UTC,616.506661565682
2020-12-05 00:00:00 UTC,571.1904316349740
2020-12-06 00:00:00 UTC,595.9194139680380
2020-12-07 00:00:00 UTC,601.9689349244920
2020-12-08 00:00:00 UTC,592.3865066820180
2020-12-09 00:00:00 UTC,554.329674302381
2020-12-10 00:00:00 UTC,573.8953091099940
2020-12-11 00:00:00 UTC,560.4542654076050
2020-12-12 00:00:00 UTC,545.9828352633690
2020-12-13 00:00:00 UTC,568.3587534073820
2020-12-14 00:00:00 UTC,590.3244403029340
2020-12-15 00:00:00 UTC,585.5418949360020
2020-12-16 00:00:00 UTC,589.0668316450420
2020-12-17 00:00:00 UTC,635.9618893796140
2020-12-18 00:00:00 UTC,644.0652701929780
2020-12-19 00:00:00 UTC,654.4204162965750
2020-12-20 00:00:00 UTC,659.3188076372090
2020-12-21 00:00:00 UTC,639.5154368778180
2020-12-22 00:00:00 UTC,610.4270278980670
2020-12-23 00:00:00 UTC,634.9797234431860
2020-12-24 00:00:00 UTC,587.9588954992440
2020-12-25 00:00:00 UTC,612.8796570505970
2020-12-26 00:00:00 UTC,626.4567387784560
2020-12-27 00:00:00 UTC,636.7423171945000
2020-12-28 00:00:00 UTC,689.6598573269880
2020-12-29 00:00:00 UTC,732.9570292975280
2020-12-30 00:00:00 UTC,735.5908981625740
2020-12-31 00:00:00 UTC,752.8559324490190
2021-01-01 00:00:00 UTC,738.6169381520410
2021-01-02 00:00:00 UTC,730.1473402196370
2021-01-03 00:00:00 UTC,777.6960653039430
2021-01-04 00:00:00 UTC,967.0005967288460
2021-01-05 00:00:00 UTC,1025.6547675669000
2021-01-06 00:00:00 UTC,1103.3582516225700
2021-01-07 00:00:00 UTC,1208.5750928728900
2021-01-08 00:00:00 UTC,1229.4713150147800
2021-01-09 00:00:00 UTC,1223.7296883535300
2021-01-10 00:00:00 UTC,1282.979575527320
2021-01-11 00:00:00 UTC,1267.7310031512100
2021-01-12 00:00:00 UTC,1092.9143378806100
2021-01-13 00:00:00 UTC,1045.406815230410
2021-01-14 00:00:00 UTC,1132.0155910164700
2021-01-15 00:00:00 UTC,1216.9147884634600
2021-01-16 00:00:00 UTC,1171.8600177046500
2021-01-17 00:00:00 UTC,1234.6318700828000
2021-01-18 00:00:00 UTC,1229.379698072010
2021-01-19 00:00:00 UTC,1255.976691513210
2021-01-20 00:00:00 UTC,1383.4840902277100
2021-01-21 00:00:00 UTC,1385.8529958752600
2021-01-22 00:00:00 UTC,1122.912432537310
2021-01-23 00:00:00 UTC,1236.6834427536600
2021-01-24 00:00:00 UTC,1231.176379704470
2021-01-25 00:00:00 UTC,1392.5397634449700
2021-01-26 00:00:00 UTC,1323.4295031020100
2021-01-27 00:00:00 UTC,1355.233724241000
2021-01-28 00:00:00 UTC,1253.141671558610
2021-01-29 00:00:00 UTC,1328.773619066560
2021-01-30 00:00:00 UTC,1380.2842591352100
2021-01-31 00:00:00 UTC,1372.427228964230
2021-02-01 00:00:00 UTC,1317.0474362291800
2021-02-02 00:00:00 UTC,1368.6644548123800
2021-02-03 00:00:00 UTC,1514.2251957516500
2021-02-04 00:00:00 UTC,1661.000824367480
2021-02-05 00:00:00 UTC,1587.8008991859400
2021-02-06 00:00:00 UTC,1724.8569083393100
2021-02-07 00:00:00 UTC,1683.941297865050
2021-02-08 00:00:00 UTC,1608.6405479857200
2021-02-09 00:00:00 UTC,1750.997553719220
2021-02-10 00:00:00 UTC,1769.053533934600
2021-02-11 00:00:00 UTC,1739.164209004840
2021-02-12 00:00:00 UTC,1782.5088691218500
2021-02-13 00:00:00 UTC,1841.1977507032900
2021-02-14 00:00:00 UTC,1810.8425457323700
2021-02-15 00:00:00 UTC,1804.9841464366500
2021-02-16 00:00:00 UTC,1775.758351701860
2021-02-17 00:00:00 UTC,1782.5753090505900
2021-02-18 00:00:00 UTC,1845.5739221567500
2021-02-19 00:00:00 UTC,1938.5694368074600
2021-02-20 00:00:00 UTC,1969.9797177628200
2021-02-21 00:00:00 UTC,1929.367692879670
2021-02-22 00:00:00 UTC,1941.4267676798000
2021-02-23 00:00:00 UTC,1788.6152102806400
2021-02-24 00:00:00 UTC,1563.9246059011400
2021-02-25 00:00:00 UTC,1628.391533792660
2021-02-26 00:00:00 UTC,1468.8601037286800
2021-02-27 00:00:00 UTC,1450.988746804120
2021-02-28 00:00:00 UTC,1480.1295768477500
2021-03-01 00:00:00 UTC,1416.661552837570
2021-03-02 00:00:00 UTC,1570.3996896340500
2021-03-03 00:00:00 UTC,1497.0891042633900
2021-03-04 00:00:00 UTC,1579.4271687603100
2021-03-05 00:00:00 UTC,1546.4996211167400
2021-03-06 00:00:00 UTC,1539.0484290947400
2021-03-07 00:00:00 UTC,1661.9279698998200
2021-03-08 00:00:00 UTC,1727.463096224570
2021-03-09 00:00:00 UTC,1837.5330305439500
2021-03-10 00:00:00 UTC,1869.3311016255
2021-03-11 00:00:00 UTC,1802.3110916881200
2021-03-12 00:00:00 UTC,1826.0574768119800
2021-03-13 00:00:00 UTC,1770.9361793697800
2021-03-14 00:00:00 UTC,1927.7207203999000
2021-03-15 00:00:00 UTC,1866.0715447008800
2021-03-16 00:00:00 UTC,1791.047851830110
2021-03-17 00:00:00 UTC,1808.5512173614400
2021-03-18 00:00:00 UTC,1828.7548332342600
2021-03-19 00:00:00 UTC,1780.1596459528500
2021-03-20 00:00:00 UTC,1817.1329628084300
2021-03-21 00:00:00 UTC,1817.8601431294900
2021-03-22 00:00:00 UTC,1790.3780747526900
2021-03-23 00:00:00 UTC,1686.8911971580400
2021-03-24 00:00:00 UTC,1673.8591835627900
2021-03-25 00:00:00 UTC,1581.631055931370
2021-03-26 00:00:00 UTC,1587.2979641585200
2021-03-27 00:00:00 UTC,1700.3668693581200
2021-03-28 00:00:00 UTC,1713.8378756834500
2021-03-29 00:00:00 UTC,1689.0367982059100
2021-03-30 00:00:00 UTC,1817.626388088870
2021-03-31 00:00:00 UTC,1840.294951985400
2021-04-01 00:00:00 UTC,1915.8325358462200
2021-04-02 00:00:00 UTC,1970.4711995232800
2021-04-03 00:00:00 UTC,2134.101788297290
2021-04-04 00:00:00 UTC,2016.6672472930400
2021-04-05 00:00:00 UTC,2077.755212422410
2021-04-06 00:00:00 UTC,2097.7963827792600
2021-04-07 00:00:00 UTC,2115.0554517461100
2021-04-08 00:00:00 UTC,1989.1480619041700
2021-04-09 00:00:00 UTC,2081.3540625399000
2021-04-10 00:00:00 UTC,2069.6677960855300
2021-04-11 00:00:00 UTC,2142.7960653929100
2021-04-12 00:00:00 UTC,2150.2651427927700
2021-04-13 00:00:00 UTC,2142.476275865740
2021-04-14 00:00:00 UTC,2304.3435163110100
2021-04-15 00:00:00 UTC,2429.6615277515700
2021-04-16 00:00:00 UTC,2514.1684155812300
2021-04-17 00:00:00 UTC,2424.5538447081200
2021-04-18 00:00:00 UTC,2345.266962776130
2021-04-19 00:00:00 UTC,2245.7607533508500
2021-04-20 00:00:00 UTC,2168.032726735650
2021-04-21 00:00:00 UTC,2324.2846872281900
2021-04-22 00:00:00 UTC,2373.501344298210
2021-04-23 00:00:00 UTC,2426.0711497906000
2021-04-24 00:00:00 UTC,2364.2312036020900
2021-04-25 00:00:00 UTC,2212.8437976342000
2021-04-26 00:00:00 UTC,2307.35532084471
2021-04-27 00:00:00 UTC,2532.3868028851100
2021-04-28 00:00:00 UTC,2647.158189660290
2021-04-29 00:00:00 UTC,2748.7845851218600
2021-04-30 00:00:00 UTC,2757.497552304980
2021-05-01 00:00:00 UTC,2776.70371169874
2021-05-02 00:00:00 UTC,2944.9169473185100
2021-05-03 00:00:00 UTC,2953.2973480804700
2021-05-04 00:00:00 UTC,3439.8550695192600
2021-05-05 00:00:00 UTC,3245.663148933580
2021-05-06 00:00:00 UTC,3524.562728476060
2021-05-07 00:00:00 UTC,3495.0758690360600
2021-05-08 00:00:00 UTC,3493.534500000210
2021-05-09 00:00:00 UTC,3912.7429165968100
2021-05-10 00:00:00 UTC,3932.754068170970
2021-05-11 00:00:00 UTC,3979.6086519212800
2021-05-12 00:00:00 UTC,4182.790285752290
2021-05-13 00:00:00 UTC,3906.108903329410
2021-05-14 00:00:00 UTC,3750.3415950592800
2021-05-15 00:00:00 UTC,4088.73170832043
2021-05-16 00:00:00 UTC,3659.9218442136200
2021-05-17 00:00:00 UTC,3602.0048969299000
2021-05-18 00:00:00 UTC,3288.2298872378600
2021-05-19 00:00:00 UTC,3399.0492796569400
2021-05-20 00:00:00 UTC,2505.014945945660
2021-05-21 00:00:00 UTC,2778.279660560300
2021-05-22 00:00:00 UTC,2419.1032171150200
2021-05-23 00:00:00 UTC,2306.371266867120
2021-05-24 00:00:00 UTC,2120.0373745099400
2021-05-25 00:00:00 UTC,2640.1596323488200
2021-05-26 00:00:00 UTC,2695.4778071496300
2021-05-27 00:00:00 UTC,2882.483407624010
2021-05-28 00:00:00 UTC,2742.990862697620
2021-05-29 00:00:00 UTC,2433.328865728610
2021-05-30 00:00:00 UTC,2294.626285512790
2021-05-31 00:00:00 UTC,2395.8532280027400
2021-06-01 00:00:00 UTC,2708.429865793970
2021-06-02 00:00:00 UTC,2632.6565998696500
2021-06-03 00:00:00 UTC,2717.1540367097700
2021-06-04 00:00:00 UTC,2858.27670209791
2021-06-05 00:00:00 UTC,2694.4976666790500
2021-06-06 00:00:00 UTC,2624.7689150594200
2021-06-07 00:00:00 UTC,2711.5479390111600
2021-06-08 00:00:00 UTC,2580.5355800598400
2021-06-09 00:00:00 UTC,2528.022300878690
2021-06-10 00:00:00 UTC,2620.6253893038500
2021-06-11 00:00:00 UTC,2486.600068788680
2021-06-12 00:00:00 UTC,2356.6347741896800
2021-06-13 00:00:00 UTC,2379.991747950220
2021-06-14 00:00:00 UTC,2517.771695525420
2021-06-15 00:00:00 UTC,2587.381610979150
2021-06-16 00:00:00 UTC,2561.1883309320000
2021-06-17 00:00:00 UTC,2365.872786190650
2021-06-18 00:00:00 UTC,2380.744519633920
2021-06-19 00:00:00 UTC,2231.554315497780
2021-06-20 00:00:00 UTC,2176.308536317710
2021-06-21 00:00:00 UTC,2251.5605593660400
2021-06-22 00:00:00 UTC,1900.1222998935400
2021-06-23 00:00:00 UTC,1875.3576944712000
2021-06-24 00:00:00 UTC,1971.1059779809400
2021-06-25 00:00:00 UTC,1990.0761511910600
2021-06-26 00:00:00 UTC,1833.4631609981600
2021-06-27 00:00:00 UTC,1817.047665540680
2021-06-28 00:00:00 UTC,1973.9268648383500
2021-06-29 00:00:00 UTC,2087.5187237874200
2021-06-30 00:00:00 UTC,2169.400067865980
2021-07-01 00:00:00 UTC,2279.354161419650
2021-07-02 00:00:00 UTC,2121.657900633360
2021-07-03 00:00:00 UTC,2157.880584866450
2021-07-04 00:00:00 UTC,2228.532398568570
2021-07-05 00:00:00 UTC,2329.004750998830
2021-07-06 00:00:00 UTC,2217.3018530598800
2021-07-07 00:00:00 UTC,2320.6549288317
2021-07-08 00:00:00 UTC,2317.23694270242
2021-07-09 00:00:00 UTC,2126.4424673902300
2021-07-10 00:00:00 UTC,2156.5809569525800
2021-07-11 00:00:00 UTC,2123.0585974934100
2021-07-12 00:00:00 UTC,2144.0142572722600
2021-07-13 00:00:00 UTC,2042.4991866143600
2021-07-14 00:00:00 UTC,1944.3950166372100
2021-07-15 00:00:00 UTC,1997.6633136706000
2021-07-16 00:00:00 UTC,1910.7269516310000
2021-07-17 00:00:00 UTC,1874.2002496808200
2021-07-18 00:00:00 UTC,1899.8427500663600
2021-07-19 00:00:00 UTC,1905.723382843170
2021-07-20 00:00:00 UTC,1824.929392091900
2021-07-21 00:00:00 UTC,1794.973425186840
2021-07-22 00:00:00 UTC,2003.7239214521100
2021-07-23 00:00:00 UTC,2027.5334479167000
2021-07-24 00:00:00 UTC,2117.154607794500
2021-07-25 00:00:00 UTC,2183.627414557700
2021-07-26 00:00:00 UTC,2209.4993601030100
2021-07-27 00:00:00 UTC,2230.212067673470
2021-07-28 00:00:00 UTC,2292.579636803810
2021-07-29 00:00:00 UTC,2299.689405936290
2021-07-30 00:00:00 UTC,2383.443259961740
2021-07-31 00:00:00 UTC,2462.3999826480100
2021-08-01 00:00:00 UTC,2541.674599365910
2021-08-02 00:00:00 UTC,2555.408178513040
2021-08-03 00:00:00 UTC,2611.6730699481800
2021-08-04 00:00:00 UTC,2521.268474889090
2021-08-05 00:00:00 UTC,2724.5322427136300
2021-08-06 00:00:00 UTC,2821.649692746140
2021-08-07 00:00:00 UTC,2888.7322742752300
2021-08-08 00:00:00 UTC,3151.2175169176800
2021-08-09 00:00:00 UTC,3012.3085592702100
2021-08-10 00:00:00 UTC,3163.0646551948900
2021-08-11 00:00:00 UTC,3147.842995401750
2021-08-12 00:00:00 UTC,3166.6472179679300
2021-08-13 00:00:00 UTC,3048.4126816864200
2021-08-14 00:00:00 UTC,3323.19799054098
2021-08-15 00:00:00 UTC,3268.5481770314900
2021-08-16 00:00:00 UTC,3309.7549104132400
2021-08-17 00:00:00 UTC,3153.583683763620
2021-08-18 00:00:00 UTC,3007.1440271712700
2021-08-19 00:00:00 UTC,3037.230251196440
2021-08-20 00:00:00 UTC,3144.8184367851900
2021-08-21 00:00:00 UTC,3276.9698366433400
2021-08-22 00:00:00 UTC,3224.0004601521500
2021-08-23 00:00:00 UTC,3243.4863583537400
2021-08-24 00:00:00 UTC,3320.4091697810600
2021-08-25 00:00:00 UTC,3177.6637963046900
2021-08-26 00:00:00 UTC,3231.4414517288000
2021-08-27 00:00:00 UTC,3122.971797237850
2021-08-28 00:00:00 UTC,3267.539434751000
2021-08-29 00:00:00 UTC,3245.430222387630
2021-08-30 00:00:00 UTC,3233.383151693550
2021-08-31 00:00:00 UTC,3232.7338632854600
2021-09-01 00:00:00 UTC,3440.5623358869000
2021-09-02 00:00:00 UTC,3790.6139962215600
2021-09-03 00:00:00 UTC,3793.3007433464200
2021-09-04 00:00:00 UTC,3936.1633916244500
2021-09-05 00:00:00 UTC,3894.937511605070
2021-09-06 00:00:00 UTC,3950.270344526560
2021-09-07 00:00:00 UTC,3943.256785301910
2021-09-08 00:00:00 UTC,3440.3417568365700
2021-09-09 00:00:00 UTC,3496.859022996070
2021-09-10 00:00:00 UTC,3435.97993265133
2021-09-11 00:00:00 UTC,3209.915696090500
2021-09-12 00:00:00 UTC,3268.1041621348800
2021-09-13 00:00:00 UTC,3417.839366766940
2021-09-14 00:00:00 UTC,3301.186776828730
2021-09-15 00:00:00 UTC,3425.2508733748800
2021-09-16 00:00:00 UTC,3595.9625714292300
2021-09-17 00:00:00 UTC,3573.3075160249900
2021-09-18 00:00:00 UTC,3412.177182421670
2021-09-19 00:00:00 UTC,3427.58426153173
2021-09-20 00:00:00 UTC,3335.884886514120
2021-09-21 00:00:00 UTC,2977.3226793404700
2021-09-22 00:00:00 UTC,2744.1109995297
2021-09-23 00:00:00 UTC,3074.119761245820
2021-09-24 00:00:00 UTC,3159.269865581770
2021-09-25 00:00:00 UTC,2930.7427060738900
2021-09-26 00:00:00 UTC,2946.9708461402000
2021-09-27 00:00:00 UTC,3063.31634471348
2021-09-28 00:00:00 UTC,2939.742282853780
2021-09-29 00:00:00 UTC,2798.9844172601000
2021-09-30 00:00:00 UTC,2855.6117305265200
2021-10-01 00:00:00 UTC,3013.4932320320800
2021-10-02 00:00:00 UTC,3305.107041443720
2021-10-03 00:00:00 UTC,3393.9242492696700
2021-10-04 00:00:00 UTC,3426.387080851380
2021-10-05 00:00:00 UTC,3390.310407759620
2021-10-06 00:00:00 UTC,3520.3422566394000
2021-10-07 00:00:00 UTC,3592.1761295000300
2021-10-08 00:00:00 UTC,3594.918357967650
2021-10-09 00:00:00 UTC,3558.549577083410
2021-10-10 00:00:00 UTC,3588.0809215501600
2021-10-11 00:00:00 UTC,3431.0193069150100
2021-10-12 00:00:00 UTC,3537.840087124070
2021-10-13 00:00:00 UTC,3498.1052921206600
2021-10-14 00:00:00 UTC,3605.6503342981800
2021-10-15 00:00:00 UTC,3794.516888224820
2021-10-16 00:00:00 UTC,3885.641764529700
2021-10-17 00:00:00 UTC,3854.498461449340
2021-10-18 00:00:00 UTC,3854.223686940850
2021-10-19 00:00:00 UTC,3752.61872738495
2021-10-20 00:00:00 UTC,3884.5872952429000
2021-10-21 00:00:00 UTC,4170.107932886270
2021-10-22 00:00:00 UTC,4074.8601575202900
2021-10-23 00:00:00 UTC,3990.711976433470
2021-10-24 00:00:00 UTC,4179.44229816945
2021-10-25 00:00:00 UTC,4094.9389934187200
2021-10-26 00:00:00 UTC,4230.208371594040
2021-10-27 00:00:00 UTC,4152.570288731250
2021-10-28 00:00:00 UTC,3944.090861781320
2021-10-29 00:00:00 UTC,4288.09721878663
2021-10-30 00:00:00 UTC,4422.940535593750
2021-10-31 00:00:00 UTC,4324.6099257118800
2021-11-01 00:00:00 UTC,4292.04047236198
2021-11-02 00:00:00 UTC,4330.553151595250
2021-11-03 00:00:00 UTC,4596.59309058429
2021-11-04 00:00:00 UTC,4607.699273078140
2021-11-05 00:00:00 UTC,4550.014435142700
2021-11-06 00:00:00 UTC,4494.80276090967
2021-11-07 00:00:00 UTC,4527.104154150620
2021-11-08 00:00:00 UTC,4626.6292884487000
2021-11-09 00:00:00 UTC,4815.004634322230
2021-11-10 00:00:00 UTC,4742.08091060724
2021-11-11 00:00:00 UTC,4641.528764849700
2021-11-12 00:00:00 UTC,4732.9244503493600
2021-11-13 00:00:00 UTC,4685.10635551733
2021-11-14 00:00:00 UTC,4666.498498194290
2021-11-15 00:00:00 UTC,4652.947394238870
2021-11-16 00:00:00 UTC,4583.211418759010
2021-11-17 00:00:00 UTC,4243.352906802170
2021-11-18 00:00:00 UTC,4302.804958962830
2021-11-19 00:00:00 UTC,3993.846595161860
2021-11-20 00:00:00 UTC,4317.603195646170
2021-11-21 00:00:00 UTC,4436.192766930450
2021-11-22 00:00:00 UTC,4319.361566856900
2021-11-23 00:00:00 UTC,4101.062876490150
2021-11-24 00:00:00 UTC,4355.420957796480
2021-11-25 00:00:00 UTC,4269.437219728040
2021-11-26 00:00:00 UTC,4515.843300142740
2021-11-27 00:00:00 UTC,4048.3128440761700
2021-11-28 00:00:00 UTC,4084.0884856959600
2021-11-29 00:00:00 UTC,4290.091862536400
2021-11-30 00:00:00 UTC,4444.528279821560
2021-12-01 00:00:00 UTC,4637.121616831410
2021-12-02 00:00:00 UTC,4589.610617539150
2021-12-03 00:00:00 UTC,4519.441028028780
2021-12-04 00:00:00 UTC,4240.155516808960
2021-12-05 00:00:00 UTC,4101.656791810780
2021-12-06 00:00:00 UTC,4198.572874562460
2021-12-07 00:00:00 UTC,4347.615630598070
2021-12-08 00:00:00 UTC,4310.566646424530
2021-12-09 00:00:00 UTC,4431.540647139760
2021-12-10 00:00:00 UTC,4153.333310724190
2021-12-11 00:00:00 UTC,3918.200743402950
2021-12-12 00:00:00 UTC,4079.814930569870
2021-12-13 00:00:00 UTC,4135.841510137410
2021-12-14 00:00:00 UTC,3782.8952622347100
2021-12-15 00:00:00 UTC,3858.1644681807000
2021-12-16 00:00:00 UTC,4015.72254331389
2021-12-17 00:00:00 UTC,3971.5597663421100
2021-12-18 00:00:00 UTC,3886.7473617182900
2021-12-19 00:00:00 UTC,3966.4253516705500
2021-12-20 00:00:00 UTC,3928.8417238716200
2021-12-21 00:00:00 UTC,3950.4823919861000
2021-12-22 00:00:00 UTC,4036.549717813430
2021-12-23 00:00:00 UTC,3992.5945766373200
2021-12-24 00:00:00 UTC,4113.529931874610
2021-12-25 00:00:00 UTC,4055.1173669313200
2021-12-26 00:00:00 UTC,4110.571870853740
2021-12-27 00:00:00 UTC,4075.03161894955
2021-12-28 00:00:00 UTC,4045.051350119330
2021-12-29 00:00:00 UTC,3807.3603674992000
2021-12-30 00:00:00 UTC,3644.405516878230
2021-12-31 00:00:00 UTC,3714.945456115340
2022-01-01 00:00:00 UTC,3686.4025423019400
2022-01-02 00:00:00 UTC,3780.315874327850
2022-01-03 00:00:00 UTC,3835.3959914939600
2022-01-04 00:00:00 UTC,3769.4049401148700
2022-01-05 00:00:00 UTC,3794.908130100450
2022-01-06 00:00:00 UTC,3556.9062274078700
2022-01-07 00:00:00 UTC,3416.8260086159100
2022-01-08 00:00:00 UTC,3201.79457434796
2022-01-09 00:00:00 UTC,3101.0409016141400
2022-01-10 00:00:00 UTC,3156.967262159480
2022-01-11 00:00:00 UTC,3086.7290024387300
2022-01-12 00:00:00 UTC,3246.413723028550
2022-01-13 00:00:00 UTC,3378.0358951715900
2022-01-14 00:00:00 UTC,3256.7588661330300
2022-01-15 00:00:00 UTC,3311.986061274380
2022-01-16 00:00:00 UTC,3331.246655159990
2022-01-17 00:00:00 UTC,3356.2954438590400
2022-01-18 00:00:00 UTC,3216.592980619570
2022-01-19 00:00:00 UTC,3166.4539115046200
2022-01-20 00:00:00 UTC,3097.0214660626800
2022-01-21 00:00:00 UTC,3015.588777543840
2022-01-22 00:00:00 UTC,2564.3433423740600
2022-01-23 00:00:00 UTC,2407.377851608290
2022-01-24 00:00:00 UTC,2537.836727861040
2022-01-25 00:00:00 UTC,2447.831512095300
2022-01-26 00:00:00 UTC,2465.21922984942
2022-01-27 00:00:00 UTC,2470.4304120157100
2022-01-28 00:00:00 UTC,2411.863855325420
2022-01-29 00:00:00 UTC,2551.1110735194700
2022-01-30 00:00:00 UTC,2603.603872339060
2022-01-31 00:00:00 UTC,2610.1824055910900
2022-02-01 00:00:00 UTC,2689.2208672204500
2022-02-02 00:00:00 UTC,2797.434855273680
2022-02-03 00:00:00 UTC,2690.319739476770
2022-02-04 00:00:00 UTC,2667.256728215690
2022-02-05 00:00:00 UTC,2993.0994395136000
2022-02-06 00:00:00 UTC,3018.6733981571500
2022-02-07 00:00:00 UTC,3062.8058084507900
2022-02-08 00:00:00 UTC,3149.953285509780
2022-02-09 00:00:00 UTC,3127.438106740210
2022-02-10 00:00:00 UTC,3240.9210444877300
2022-02-11 00:00:00 UTC,3081.911501840840
2022-02-12 00:00:00 UTC,2930.5631692063700
2022-02-13 00:00:00 UTC,2918.0853674291200
2022-02-14 00:00:00 UTC,2889.235678281070
2022-02-15 00:00:00 UTC,2935.6454998606800
2022-02-16 00:00:00 UTC,3179.3002065350400
2022-02-17 00:00:00 UTC,3128.640780542460
2022-02-18 00:00:00 UTC,2881.613122162860
2022-02-19 00:00:00 UTC,2792.3038477186200
2022-02-20 00:00:00 UTC,2768.9716520348600
2022-02-21 00:00:00 UTC,2632.49139911745
2022-02-22 00:00:00 UTC,2574.513383778020
2022-02-23 00:00:00 UTC,2644.153655546020
2022-02-24 00:00:00 UTC,2594.700959110160
2022-02-25 00:00:00 UTC,2599.9335696870200
2022-02-26 00:00:00 UTC,2771.890509646430
2022-02-27 00:00:00 UTC,2785.3389569017400
2022-02-28 00:00:00 UTC,2629.48312082149
2022-03-01 00:00:00 UTC,2919.294962425660
2022-03-02 00:00:00 UTC,2977.276039756810
2022-03-03 00:00:00 UTC,2953.315776286440
2022-03-04 00:00:00 UTC,2836.9063366005600
2022-03-05 00:00:00 UTC,2619.356137634490
2022-03-06 00:00:00 UTC,2668.70597865687
2022-03-07 00:00:00 UTC,2558.359874049850
2022-03-08 00:00:00 UTC,2498.658864965220
2022-03-09 00:00:00 UTC,2576.6271539947600
2022-03-10 00:00:00 UTC,2731.037685294000
2022-03-11 00:00:00 UTC,2611.4647225047100
2022-03-12 00:00:00 UTC,2562.8323535359700
2022-03-13 00:00:00 UTC,2579.4581356883600
2022-03-14 00:00:00 UTC,2518.492845270620
2022-03-15 00:00:00 UTC,2591.5420409591400
2022-03-16 00:00:00 UTC,2620.363852420940
2022-03-17 00:00:00 UTC,2771.759457292370
2022-03-18 00:00:00 UTC,2817.401074966820
2022-03-19 00:00:00 UTC,2945.7459101862700
2022-03-20 00:00:00 UTC,2947.226158224090
2022-03-21 00:00:00 UTC,2860.641960901920
2022-03-22 00:00:00 UTC,2896.5869324317500
2022-03-23 00:00:00 UTC,2969.78498365825
2022-03-24 00:00:00 UTC,3028.8352577107300
2022-03-25 00:00:00 UTC,3106.657023584940
2022-03-26 00:00:00 UTC,3106.072054158700
2022-03-27 00:00:00 UTC,3140.8757105064400
2022-03-28 00:00:00 UTC,3285.1730967305400
2022-03-29 00:00:00 UTC,3328.9341246867100
2022-03-30 00:00:00 UTC,3401.184431040140
2022-03-31 00:00:00 UTC,3383.7887617814200
2022-04-01 00:00:00 UTC,3283.3028425717300
2022-04-02 00:00:00 UTC,3451.1960908672800
2022-04-03 00:00:00 UTC,3440.3362384891700
2022-04-04 00:00:00 UTC,3521.5847247785200
2022-04-05 00:00:00 UTC,3520.9671175043600
2022-04-06 00:00:00 UTC,3422.9698837547100
2022-04-07 00:00:00 UTC,3171.371104498950
2022-04-08 00:00:00 UTC,3232.834988999580
2022-04-09 00:00:00 UTC,3192.0250912893600
2022-04-10 00:00:00 UTC,3265.938067729150
2022-04-11 00:00:00 UTC,3219.159553453760
2022-04-12 00:00:00 UTC,2992.7021064252400
2022-04-13 00:00:00 UTC,3038.209421996370
2022-04-14 00:00:00 UTC,3121.399823462040
2022-04-15 00:00:00 UTC,3023.417211885320
2022-04-16 00:00:00 UTC,3045.42807480128
2022-04-17 00:00:00 UTC,3066.3580141449800
2022-04-18 00:00:00 UTC,2995.719421019830
2022-04-19 00:00:00 UTC,3061.8905711469000
2022-04-20 00:00:00 UTC,3104.688447526110
2022-04-21 00:00:00 UTC,3079.6764776018500
2022-04-22 00:00:00 UTC,2987.4888760341600
2022-04-23 00:00:00 UTC,2967.085285238210
2022-04-24 00:00:00 UTC,2940.6879777714400
2022-04-25 00:00:00 UTC,2922.901865199810
2022-04-26 00:00:00 UTC,3008.3363470853
2022-04-27 00:00:00 UTC,2806.748835957050
2022-04-28 00:00:00 UTC,2889.5922230230800
2022-04-29 00:00:00 UTC,2932.455083612900
2022-04-30 00:00:00 UTC,2817.4898821916200
2022-05-01 00:00:00 UTC,2738.1741359527700
2022-05-02 00:00:00 UTC,2832.513106895350
2022-05-03 00:00:00 UTC,2861.3723755560400
2022-05-04 00:00:00 UTC,2786.0472478011100
2022-05-05 00:00:00 UTC,2942.052313122660
2022-05-06 00:00:00 UTC,2753.936566546690
2022-05-07 00:00:00 UTC,2699.7072470893700
2022-05-08 00:00:00 UTC,2641.229106940240
2022-05-09 00:00:00 UTC,2517.8299224886500
2022-05-10 00:00:00 UTC,2249.8909622207400
2022-05-11 00:00:00 UTC,2344.797715643990
2022-05-12 00:00:00 UTC,2080.910243657780
2022-05-13 00:00:00 UTC,1966.6991711336700
2022-05-14 00:00:00 UTC,2010.214051125260
2022-05-15 00:00:00 UTC,2064.229357512240
2022-05-16 00:00:00 UTC,2147.047447880580
2022-05-17 00:00:00 UTC,2025.8886983912200
2022-05-18 00:00:00 UTC,2095.178884796720
2022-05-19 00:00:00 UTC,1915.1771232664500
2022-05-20 00:00:00 UTC,2023.8482593608200
2022-05-21 00:00:00 UTC,1963.9909395294900
2022-05-22 00:00:00 UTC,1978.1471325624800
2022-05-23 00:00:00 UTC,2046.6463496545200
2022-05-24 00:00:00 UTC,1974.5811944790900
2022-05-25 00:00:00 UTC,1979.770545006470
2022-05-26 00:00:00 UTC,1944.8428445072400
2022-05-27 00:00:00 UTC,1807.9694742881100
2022-05-28 00:00:00 UTC,1724.8757340323400
2022-05-29 00:00:00 UTC,1798.6948545788800
2022-05-30 00:00:00 UTC,1814.9831598025900
2022-05-31 00:00:00 UTC,1995.9364841552300
2022-06-01 00:00:00 UTC,1944.078766836180
2022-06-02 00:00:00 UTC,1828.8926546074300
2022-06-03 00:00:00 UTC,1833.089840845750
2022-06-04 00:00:00 UTC,1776.979907458190
2022-06-05 00:00:00 UTC,1804.2616695112500
2022-06-06 00:00:00 UTC,1805.3313949894400
2022-06-07 00:00:00 UTC,1860.1813068416000
2022-06-08 00:00:00 UTC,1818.3877119829300
2022-06-09 00:00:00 UTC,1794.539625671830
2022-06-10 00:00:00 UTC,1788.4182866616000
2022-06-11 00:00:00 UTC,1663.844367412090
2022-06-12 00:00:00 UTC,1530.0386174317200
2022-06-13 00:00:00 UTC,1454.6867601728400
2022-06-14 00:00:00 UTC,1205.5952855404800
2022-06-15 00:00:00 UTC,1214.8662649132000
2022-06-16 00:00:00 UTC,1230.3643353556100
2022-06-17 00:00:00 UTC,1068.6035748646100
2022-06-18 00:00:00 UTC,1087.8139244584400
2022-06-19 00:00:00 UTC,995.2525692707910
2022-06-20 00:00:00 UTC,1125.7540917942700
2022-06-21 00:00:00 UTC,1132.0543935828000
2022-06-22 00:00:00 UTC,1124.5613920165500
2022-06-23 00:00:00 UTC,1051.0740681589200
2022-06-24 00:00:00 UTC,1144.4807534808100
2022-06-25 00:00:00 UTC,1229.3040854466600
2022-06-26 00:00:00 UTC,1244.2862044953900
2022-06-27 00:00:00 UTC,1201.237790641910
2022-06-28 00:00:00 UTC,1194.2245084746100
2022-06-29 00:00:00 UTC,1143.5335357210000
2022-06-30 00:00:00 UTC,1098.9055176105300
2022-07-01 00:00:00 UTC,1057.6309990608000
2022-07-02 00:00:00 UTC,1068.8194401302000
2022-07-03 00:00:00 UTC,1068.5415025999600
2022-07-04 00:00:00 UTC,1074.6073175787600
2022-07-05 00:00:00 UTC,1153.3483147880900
2022-07-06 00:00:00 UTC,1134.017069659220
2022-07-07 00:00:00 UTC,1188.72564292538
2022-07-08 00:00:00 UTC,1240.3784056617200
2022-07-09 00:00:00 UTC,1233.5146792603000
2022-07-10 00:00:00 UTC,1216.8497068484600
2022-07-11 00:00:00 UTC,1169.012707661020
2022-07-12 00:00:00 UTC,1097.4494380477300
2022-07-13 00:00:00 UTC,1040.7971455029600
2022-07-14 00:00:00 UTC,1112.9207827012600
2022-07-15 00:00:00 UTC,1191.1308371103100
2022-07-16 00:00:00 UTC,1234.0991389763200
2022-07-17 00:00:00 UTC,1355.04564021949
2022-07-18 00:00:00 UTC,1344.7202840019000
2022-07-19 00:00:00 UTC,1570.6589588642100
2022-07-20 00:00:00 UTC,1542.6298214332200
2022-07-21 00:00:00 UTC,1527.4139307593100
2022-07-22 00:00:00 UTC,1576.8252394976800
2022-07-23 00:00:00 UTC,1536.124922238910
2022-07-24 00:00:00 UTC,1552.4964891908700
2022-07-25 00:00:00 UTC,1601.2079670127000
2022-07-26 00:00:00 UTC,1450.4822852139400
2022-07-27 00:00:00 UTC,1438.9880382230700
2022-07-28 00:00:00 UTC,1636.9491814677900
2022-07-29 00:00:00 UTC,1723.5485206790600
2022-07-30 00:00:00 UTC,1739.0421771356100
2022-07-31 00:00:00 UTC,1696.7850982136500
2022-08-01 00:00:00 UTC,1682.011373614750
2022-08-02 00:00:00 UTC,1636.0185563573600
2022-08-03 00:00:00 UTC,1638.3786826572200
2022-08-04 00:00:00 UTC,1621.3413236364100
2022-08-05 00:00:00 UTC,1612.4189067269800
2022-08-06 00:00:00 UTC,1725.3826270211500
2022-08-07 00:00:00 UTC,1693.2965918360300
2022-08-08 00:00:00 UTC,1699.0064178887000
2022-08-09 00:00:00 UTC,1775.7013555270800
2022-08-10 00:00:00 UTC,1698.9661290126500
2022-08-11 00:00:00 UTC,1852.8785552656500
2022-08-12 00:00:00 UTC,1881.4274054353000
2022-08-13 00:00:00 UTC,1959.3309247187400
2022-08-14 00:00:00 UTC,1982.4118280514200
2022-08-15 00:00:00 UTC,1936.7011636052600
2022-08-16 00:00:00 UTC,1908.2776419059200
2022-08-17 00:00:00 UTC,1880.6001012594400
2022-08-18 00:00:00 UTC,1834.8264526426400
2022-08-19 00:00:00 UTC,1850.1112910473700
2022-08-20 00:00:00 UTC,1618.5325042633500
2022-08-21 00:00:00 UTC,1579.4157230953700
2022-08-22 00:00:00 UTC,1624.149982884850
2022-08-23 00:00:00 UTC,1622.30703457785
2022-08-24 00:00:00 UTC,1665.7919073919300
2022-08-25 00:00:00 UTC,1657.7936424663400
2022-08-26 00:00:00 UTC,1697.0769719636400
2022-08-27 00:00:00 UTC,1510.1891114840500
2022-08-28 00:00:00 UTC,1496.0554659420900
2022-08-29 00:00:00 UTC,1438.7470503278100
2022-08-30 00:00:00 UTC,1555.1774560415900
2022-08-31 00:00:00 UTC,1525.400116232050
2022-09-01 00:00:00 UTC,1552.5629662281300
2022-09-02 00:00:00 UTC,1588.9803510869100
2022-09-03 00:00:00 UTC,1575.1766307276100
2022-09-04 00:00:00 UTC,1555.6740772078100
2022-09-05 00:00:00 UTC,1578.9493013433000
2022-09-06 00:00:00 UTC,1617.9354554854300
2022-09-07 00:00:00 UTC,1564.5589540302500
2022-09-08 00:00:00 UTC,1629.8832311636500
2022-09-09 00:00:00 UTC,1635.9321760130500
2022-09-10 00:00:00 UTC,1717.0769569840500
2022-09-11 00:00:00 UTC,1779.5190288833000
2022-09-12 00:00:00 UTC,1761.317355880690
2022-09-13 00:00:00 UTC,1710.1642908515200
2022-09-14 00:00:00 UTC,1573.2052136951700
2022-09-15 00:00:00 UTC,1635.3682061921300
2022-09-16 00:00:00 UTC,1471.999592516300
2022-09-17 00:00:00 UTC,1432.215807478610
2022-09-18 00:00:00 UTC,1471.2039553630400
2022-09-19 00:00:00 UTC,1335.8525523850500
2022-09-20 00:00:00 UTC,1379.920704526260
2022-09-21 00:00:00 UTC,1324.1905646155900
2022-09-22 00:00:00 UTC,1252.7745621685800
2022-09-23 00:00:00 UTC,1330.7927929218300
2022-09-24 00:00:00 UTC,1329.558806730320
2022-09-25 00:00:00 UTC,1318.099347021850
2022-09-26 00:00:00 UTC,1294.0750952797800
2022-09-27 00:00:00 UTC,1335.1212051991700
2022-09-28 00:00:00 UTC,1331.1501769338600
2022-09-29 00:00:00 UTC,1340.0230594816500
2022-09-30 00:00:00 UTC,1335.7389706335700
2022-10-01 00:00:00 UTC,1329.1460320708000
2022-10-02 00:00:00 UTC,1311.2633244162900
2022-10-03 00:00:00 UTC,1277.901345279670
2022-10-04 00:00:00 UTC,1323.5040179722900
2022-10-05 00:00:00 UTC,1363.2371821945000
2022-10-06 00:00:00 UTC,1352.5865243024900
2022-10-07 00:00:00 UTC,1351.4273691979500
2022-10-08 00:00:00 UTC,1324.8947380290600
2022-10-09 00:00:00 UTC,1315.857799905670
2022-10-10 00:00:00 UTC,1322.2697552193700
2022-10-11 00:00:00 UTC,1291.0816596695600
2022-10-12 00:00:00 UTC,1279.8833075472600
2022-10-13 00:00:00 UTC,1294.2710513882200
2022-10-14 00:00:00 UTC,1288.1640147020800
2022-10-15 00:00:00 UTC,1297.6276053223800
2022-10-16 00:00:00 UTC,1275.6937773948000
2022-10-17 00:00:00 UTC,1306.943118828840
2022-10-18 00:00:00 UTC,1333.4408776301700
2022-10-19 00:00:00 UTC,1311.8067255158200
2022-10-20 00:00:00 UTC,1284.654933702260
2022-10-21 00:00:00 UTC,1282.0426467759600
2022-10-22 00:00:00 UTC,1299.8019052506400
2022-10-23 00:00:00 UTC,1313.767778723110
2022-10-24 00:00:00 UTC,1364.4868713063700
2022-10-25 00:00:00 UTC,1343.334491985090
2022-10-26 00:00:00 UTC,1462.0489375629900
2022-10-27 00:00:00 UTC,1568.7475855708400
2022-10-28 00:00:00 UTC,1514.8635252534000
2022-10-29 00:00:00 UTC,1555.0292135813900
2022-10-30 00:00:00 UTC,1619.4295836277400
2022-10-31 00:00:00 UTC,1591.0517734961000
2022-11-01 00:00:00 UTC,1572.979514885980
2022-11-02 00:00:00 UTC,1580.3787334402600
2022-11-03 00:00:00 UTC,1520.6383643789800
2022-11-04 00:00:00 UTC,1531.112630741570
2022-11-05 00:00:00 UTC,1644.1928578089400
2022-11-06 00:00:00 UTC,1626.8064304933600
2022-11-07 00:00:00 UTC,1572.9477769721600
2022-11-08 00:00:00 UTC,1569.9886360033400
2022-11-09 00:00:00 UTC,1334.2879331082400
2022-11-10 00:00:00 UTC,1095.1839771132900
2022-11-11 00:00:00 UTC,1301.5538803074400
2022-11-12 00:00:00 UTC,1293.9115948871500
2022-11-13 00:00:00 UTC,1255.6010507578400
2022-11-14 00:00:00 UTC,1223.0064433283700
2022-11-15 00:00:00 UTC,1241.997092728310
2022-11-16 00:00:00 UTC,1252.7067308366800
2022-11-17 00:00:00 UTC,1217.7020892163000
2022-11-18 00:00:00 UTC,1201.7898419641300
2022-11-19 00:00:00 UTC,1213.49631006335
2022-11-20 00:00:00 UTC,1218.8936571112500
2022-11-21 00:00:00 UTC,1144.2531525085500
2022-11-22 00:00:00 UTC,1110.2882130124600
2022-11-23 00:00:00 UTC,1135.175811894250
2022-11-24 00:00:00 UTC,1184.4617581029700
2022-11-25 00:00:00 UTC,1204.2078028331200
2022-11-26 00:00:00 UTC,1198.9755884889100
2022-11-27 00:00:00 UTC,1205.6579602157100
2022-11-28 00:00:00 UTC,1196.1962195659300
2022-11-29 00:00:00 UTC,1170.115741471510
2022-11-30 00:00:00 UTC,1216.936420693740
2022-12-01 00:00:00 UTC,1298.94077037352
2022-12-02 00:00:00 UTC,1276.6393714031000
2022-12-03 00:00:00 UTC,1293.9480231782100
2022-12-04 00:00:00 UTC,1243.0408423289700
2022-12-05 00:00:00 UTC,1282.4164481394100
2022-12-06 00:00:00 UTC,1259.7575748565300
2022-12-07 00:00:00 UTC,1271.9354761263900
2022-12-08 00:00:00 UTC,1233.6250483990400
2022-12-09 00:00:00 UTC,1281.210637067260
2022-12-10 00:00:00 UTC,1264.4773467215700
2022-12-11 00:00:00 UTC,1264.7922793495100
2022-12-12 00:00:00 UTC,1264.317985551170
2022-12-13 00:00:00 UTC,1275.332421155140
2022-12-14 00:00:00 UTC,1319.413007743120
2022-12-15 00:00:00 UTC,1308.4001523403900
2022-12-16 00:00:00 UTC,1263.7464240856900
2022-12-17 00:00:00 UTC,1165.9737772823300
2022-12-18 00:00:00 UTC,1189.4275215642000
2022-12-19 00:00:00 UTC,1186.7779210362500
2022-12-20 00:00:00 UTC,1166.9895905156600
2022-12-21 00:00:00 UTC,1217.8888916641800
2022-12-22 00:00:00 UTC,1213.3431612255200
2022-12-23 00:00:00 UTC,1217.8525497108200
2022-12-24 00:00:00 UTC,1220.701744919790
2022-12-25 00:00:00 UTC,1221.3595303484500
2022-12-26 00:00:00 UTC,1219.286343216300
2022-12-27 00:00:00 UTC,1226.2534148310100
2022-12-28 00:00:00 UTC,1211.819562063860
2022-12-29 00:00:00 UTC,1188.7286638821600
2022-12-30 00:00:00 UTC,1201.5431060594300
2022-12-31 00:00:00 UTC,1199.1104971711900
2023-01-01 00:00:00 UTC,1196.6130648084500
2023-01-02 00:00:00 UTC,1200.65921690107
2023-01-03 00:00:00 UTC,1214.3789459253500
2023-01-04 00:00:00 UTC,1214.760969419340
2023-01-05 00:00:00 UTC,1256.4366037834900
2023-01-06 00:00:00 UTC,1250.7922522355900
2023-01-07 00:00:00 UTC,1270.028610178060
2023-01-08 00:00:00 UTC,1264.8369433837200
2023-01-09 00:00:00 UTC,1284.5754041343000
2023-01-10 00:00:00 UTC,1321.676571173060
2023-01-11 00:00:00 UTC,1336.017071771780
2023-01-12 00:00:00 UTC,1389.7716620941100
2023-01-13 00:00:00 UTC,1417.134908743910
2023-01-14 00:00:00 UTC,1453.3769102089200
2023-01-15 00:00:00 UTC,1549.111474081300
2023-01-16 00:00:00 UTC,1551.324517175300
2023-01-17 00:00:00 UTC,1577.725890482970
2023-01-18 00:00:00 UTC,1569.5308332272900
2023-01-19 00:00:00 UTC,1516.555475473700
2023-01-20 00:00:00 UTC,1550.5088875585600
2023-01-21 00:00:00 UTC,1661.3349193405400
2023-01-22 00:00:00 UTC,1625.9093109886600
2023-01-23 00:00:00 UTC,1630.8448549408000
2023-01-24 00:00:00 UTC,1632.9617267135300
2023-01-25 00:00:00 UTC,1557.0597608721700
2023-01-26 00:00:00 UTC,1614.6771850629300
2023-01-27 00:00:00 UTC,1602.8469492523200
2023-01-28 00:00:00 UTC,1598.4701935450100
2023-01-29 00:00:00 UTC,1573.0634394330600
2023-01-30 00:00:00 UTC,1646.5159900930200
2023-01-31 00:00:00 UTC,1568.64771349631
2023-02-01 00:00:00 UTC,1586.5395765836900
2023-02-02 00:00:00 UTC,1642.857168158600
2023-02-03 00:00:00 UTC,1648.6796840768700
2023-02-04 00:00:00 UTC,1665.4278712238600
2023-02-05 00:00:00 UTC,1667.2716925637000
2023-02-06 00:00:00 UTC,1631.3725233636500
2023-02-07 00:00:00 UTC,1617.144163289210
2023-02-08 00:00:00 UTC,1672.8226777758100
2023-02-09 00:00:00 UTC,1651.4083786023800
2023-02-10 00:00:00 UTC,1546.383768658400
2023-02-11 00:00:00 UTC,1515.5340268615500
2023-02-12 00:00:00 UTC,1541.9688769412700
2023-02-13 00:00:00 UTC,1515.3346311806400
2023-02-14 00:00:00 UTC,1506.9162010135100
2023-02-15 00:00:00 UTC,1556.963484345390
2023-02-16 00:00:00 UTC,1674.858207473530
2023-02-17 00:00:00 UTC,1646.143501886730
2023-02-18 00:00:00 UTC,1697.0848665737900
2023-02-19 00:00:00 UTC,1692.518962831220
2023-02-20 00:00:00 UTC,1680.3786857000700
2023-02-21 00:00:00 UTC,1700.1986814992700
2023-02-22 00:00:00 UTC,1656.582369571120
2023-02-23 00:00:00 UTC,1643.1733937453500
2023-02-24 00:00:00 UTC,1651.850006691430
2023-02-25 00:00:00 UTC,1608.1034936538400
2023-02-26 00:00:00 UTC,1593.9519737908500
2023-02-27 00:00:00 UTC,1640.5827101943100
2023-02-28 00:00:00 UTC,1633.9766289833800
2023-03-01 00:00:00 UTC,1606.632639454840
2023-03-02 00:00:00 UTC,1663.925777294460
2023-03-03 00:00:00 UTC,1647.6646669077700
2023-03-04 00:00:00 UTC,1570.668210599780
2023-03-05 00:00:00 UTC,1568.4956010562200
2023-03-06 00:00:00 UTC,1563.2256620056300
2023-03-07 00:00:00 UTC,1567.3501465252200
2023-03-08 00:00:00 UTC,1563.8131822475000
2023-03-09 00:00:00 UTC,1535.2602520971100
2023-03-10 00:00:00 UTC,1440.1676618801800
2023-03-11 00:00:00 UTC,1429.6031691041800
2023-03-12 00:00:00 UTC,1474.40324440156
2023-03-13 00:00:00 UTC,1588.1968020530500
2023-03-14 00:00:00 UTC,1678.915634393310
2023-03-15 00:00:00 UTC,1708.300897366670
2023-03-16 00:00:00 UTC,1658.0701085663100
2023-03-17 00:00:00 UTC,1679.7924762080900
2023-03-18 00:00:00 UTC,1793.2988017342300
2023-03-19 00:00:00 UTC,1769.4253269123900
2023-03-20 00:00:00 UTC,1801.3674190114600
2023-03-21 00:00:00 UTC,1744.4414599600200
2023-03-22 00:00:00 UTC,1811.4112436682700
2023-03-23 00:00:00 UTC,1747.6400281141100
2023-03-24 00:00:00 UTC,1824.9566578949300
2023-03-25 00:00:00 UTC,1751.2194078261700
2023-03-26 00:00:00 UTC,1753.982636507410
2023-03-27 00:00:00 UTC,1776.867690456720
2023-03-28 00:00:00 UTC,1719.1709726748600
2023-03-29 00:00:00 UTC,1776.0436393298300
2023-03-30 00:00:00 UTC,1795.5369478273200
2023-03-31 00:00:00 UTC,1792.9085783080400
2023-04-01 00:00:00 UTC,1824.0200055528200
2023-04-02 00:00:00 UTC,1823.0003798253100
2023-04-03 00:00:00 UTC,1797.7369883938600
2023-04-04 00:00:00 UTC,1810.466255484760
2023-04-05 00:00:00 UTC,1871.333525898640
2023-04-06 00:00:00 UTC,1911.3386899517500
2023-04-07 00:00:00 UTC,1872.2466823679100
2023-04-08 00:00:00 UTC,1866.6575447874200
2023-04-09 00:00:00 UTC,1851.0506710706200
2023-04-10 00:00:00 UTC,1859.9403872878100
2023-04-11 00:00:00 UTC,1909.8820609415900
2023-04-12 00:00:00 UTC,1892.938911069580
2023-04-13 00:00:00 UTC,1920.2230311931200
2023-04-14 00:00:00 UTC,2012.785415162010
2023-04-15 00:00:00 UTC,2102.9461882949100
2023-04-16 00:00:00 UTC,2093.166331331960
2023-04-17 00:00:00 UTC,2118.5987891538900
2023-04-18 00:00:00 UTC,2077.5356646371800
2023-04-19 00:00:00 UTC,2103.2788135921500
2023-04-20 00:00:00 UTC,1936.4259207983600
2023-04-21 00:00:00 UTC,1943.4355981925800
2023-04-22 00:00:00 UTC,1850.1497384242200
2023-04-23 00:00:00 UTC,1877.5413280611500
2023-04-24 00:00:00 UTC,1863.6391422142200
2023-04-25 00:00:00 UTC,1842.6307920871600
2023-04-26 00:00:00 UTC,1870.5652231230300
2023-04-27 00:00:00 UTC,1867.5893250124900
2023-04-28 00:00:00 UTC,1910.456779102900
2023-04-29 00:00:00 UTC,1894.4280839501100
2023-04-30 00:00:00 UTC,1905.2738522732100
2023-05-01 00:00:00 UTC,1885.3919353369200
2023-05-02 00:00:00 UTC,1832.725799406750
2023-05-03 00:00:00 UTC,1870.828572787590
2023-05-04 00:00:00 UTC,1903.7282107352800
2023-05-05 00:00:00 UTC,1877.4011950525400
2023-05-06 00:00:00 UTC,1993.6129657474300
2023-05-07 00:00:00 UTC,1900.410599025730
2023-05-08 00:00:00 UTC,1895.2301480548900
2023-05-09 00:00:00 UTC,1849.2886295625300
2023-05-10 00:00:00 UTC,1846.0642640231500
2023-05-11 00:00:00 UTC,1842.865558834660
2023-05-12 00:00:00 UTC,1798.0719455262600
2023-05-13 00:00:00 UTC,1808.6949999015700
2023-05-14 00:00:00 UTC,1797.1994701376500
2023-05-15 00:00:00 UTC,1799.0086586150100
2023-05-16 00:00:00 UTC,1820.0447595407200
2023-05-17 00:00:00 UTC,1823.6630183475200
2023-05-18 00:00:00 UTC,1821.050634709660
2023-05-19 00:00:00 UTC,1802.3909554834500
2023-05-20 00:00:00 UTC,1812.1317035605900
2023-05-21 00:00:00 UTC,1818.9695295035800
2023-05-22 00:00:00 UTC,1804.9290671072800
2023-05-23 00:00:00 UTC,1818.4014644980900
2023-05-24 00:00:00 UTC,1854.1931182731800
2023-05-25 00:00:00 UTC,1800.736010305840
2023-05-26 00:00:00 UTC,1805.8057604056900
2023-05-27 00:00:00 UTC,1828.9565366197300
2023-05-28 00:00:00 UTC,1830.3066513169000
2023-05-29 00:00:00 UTC,1913.8162493165800
2023-05-30 00:00:00 UTC,1893.7142740897000
2023-05-31 00:00:00 UTC,1901.078310164530
2023-06-01 00:00:00 UTC,1874.694885027080
2023-06-02 00:00:00 UTC,1861.7253869476200
2023-06-03 00:00:00 UTC,1907.2123218510100
2023-06-04 00:00:00 UTC,1892.0781764647600
2023-06-05 00:00:00 UTC,1893.178280382090
2023-06-06 00:00:00 UTC,1813.6816549004000
2023-06-07 00:00:00 UTC,1883.2425846255800
2023-06-08 00:00:00 UTC,1832.3204025034500
2023-06-09 00:00:00 UTC,1846.0300017820600
2023-06-10 00:00:00 UTC,1839.2080126581900
2023-06-11 00:00:00 UTC,1754.6732284106400
2023-06-12 00:00:00 UTC,1751.7245965042500
2023-06-13 00:00:00 UTC,1742.5960525666200
2023-06-14 00:00:00 UTC,1736.7894371674600
2023-06-15 00:00:00 UTC,1650.6766675535500
2023-06-16 00:00:00 UTC,1664.9774623940200
2023-06-17 00:00:00 UTC,1716.3772810928600
2023-06-18 00:00:00 UTC,1726.3728097350000
2023-06-19 00:00:00 UTC,1719.2731615068700
2023-06-20 00:00:00 UTC,1734.7931034426600
2023-06-21 00:00:00 UTC,1790.1904407317700
2023-06-22 00:00:00 UTC,1892.899571916820
2023-06-23 00:00:00 UTC,1874.1779470167100
2023-06-24 00:00:00 UTC,1891.3450080216800
2023-06-25 00:00:00 UTC,1875.0599619284900
2023-06-26 00:00:00 UTC,1899.1473121046100
2023-06-27 00:00:00 UTC,1859.8024196428000
2023-06-28 00:00:00 UTC,1890.0129037837100
2023-06-29 00:00:00 UTC,1828.4583364007300
2023-06-30 00:00:00 UTC,1853.4452458749900
2023-07-01 00:00:00 UTC,1934.0457142617800
2023-07-02 00:00:00 UTC,1924.5672408676500
2023-07-03 00:00:00 UTC,1933.9598813832100
2023-07-04 00:00:00 UTC,1953.7811276489200
2023-07-05 00:00:00 UTC,1937.0004255391400
2023-07-06 00:00:00 UTC,1910.5052605097400
2023-07-07 00:00:00 UTC,1855.4747836363100
2023-07-08 00:00:00 UTC,1869.317187141900
2023-07-09 00:00:00 UTC,1864.8685919146400
2023-07-10 00:00:00 UTC,1866.9167424804000
2023-07-11 00:00:00 UTC,1875.2742726720500
2023-07-12 00:00:00 UTC,1875.8658719294900
2023-07-13 00:00:00 UTC,1873.5068153774000
2023-07-14 00:00:00 UTC,2003.253616074310
2023-07-15 00:00:00 UTC,1935.9402407442000
2023-07-16 00:00:00 UTC,1931.389384157170
2023-07-17 00:00:00 UTC,1923.0359898160400
2023-07-18 00:00:00 UTC,1912.1228355695600
2023-07-19 00:00:00 UTC,1897.199112644640
2023-07-20 00:00:00 UTC,1889.2238055517700
2023-07-21 00:00:00 UTC,1891.0145054589400
2023-07-22 00:00:00 UTC,1891.4724028266800
2023-07-23 00:00:00 UTC,1858.3111958083100
2023-07-24 00:00:00 UTC,1887.8269808569800
2023-07-25 00:00:00 UTC,1850.431150587500
2023-07-26 00:00:00 UTC,1857.5965927470300
2023-07-27 00:00:00 UTC,1871.5331057115000
2023-07-28 00:00:00 UTC,1858.77702138144
2023-07-29 00:00:00 UTC,1874.6939950760700
2023-07-30 00:00:00 UTC,1880.9180765299400
2023-07-31 00:00:00 UTC,1861.8699097932100
2023-08-01 00:00:00 UTC,1857.2761957628500
2023-08-02 00:00:00 UTC,1869.7451086679900
2023-08-03 00:00:00 UTC,1838.0119518760300
2023-08-04 00:00:00 UTC,1835.7013026752900
2023-08-05 00:00:00 UTC,1828.4611937761100
2023-08-06 00:00:00 UTC,1835.0705778421900
2023-08-07 00:00:00 UTC,1826.7067792702200
2023-08-08 00:00:00 UTC,1826.9334855730500
2023-08-09 00:00:00 UTC,1856.8441445120400
2023-08-10 00:00:00 UTC,1855.8907273266500
2023-08-11 00:00:00 UTC,1850.8769886993500
2023-08-12 00:00:00 UTC,1847.5418351143200
2023-08-13 00:00:00 UTC,1848.505238656100
2023-08-14 00:00:00 UTC,1839.5128095422100
2023-08-15 00:00:00 UTC,1843.5133910053500
2023-08-16 00:00:00 UTC,1826.9131281594600
2023-08-17 00:00:00 UTC,1809.4604742643000
2023-08-18 00:00:00 UTC,1675.8621709457800
2023-08-19 00:00:00 UTC,1660.6791095302800
2023-08-20 00:00:00 UTC,1669.233454808330
2023-08-21 00:00:00 UTC,1682.461825140930
2023-08-22 00:00:00 UTC,1666.8404654985100
2023-08-23 00:00:00 UTC,1635.191294137300
2023-08-24 00:00:00 UTC,1679.123993491920
2023-08-25 00:00:00 UTC,1658.3996538851400
2023-08-26 00:00:00 UTC,1653.4293196573100
2023-08-27 00:00:00 UTC,1645.9049996794300
2023-08-28 00:00:00 UTC,1656.9310584772900
2023-08-29 00:00:00 UTC,1653.198566161460
2023-08-30 00:00:00 UTC,1730.1902578762500
2023-08-31 00:00:00 UTC,1705.1081032258100
2023-09-01 00:00:00 UTC,1645.1815254166900
2023-09-02 00:00:00 UTC,1630.6058904999300
2023-09-03 00:00:00 UTC,1636.1621989563400
2023-09-04 00:00:00 UTC,1635.4030431134600
2023-09-05 00:00:00 UTC,1630.6275466678600
2023-09-06 00:00:00 UTC,1633.077003857270
2023-09-07 00:00:00 UTC,1632.9024163463500
2023-09-08 00:00:00 UTC,1646.3050827277900
2023-09-09 00:00:00 UTC,1636.354258593190
2023-09-10 00:00:00 UTC,1634.4459462937100
2023-09-11 00:00:00 UTC,1617.486179584740
2023-09-12 00:00:00 UTC,1549.8934231592900
2023-09-13 00:00:00 UTC,1594.9745013935300
2023-09-14 00:00:00 UTC,1607.736697039680
2023-09-15 00:00:00 UTC,1626.436340686950
2023-09-16 00:00:00 UTC,1641.9347582842200
2023-09-17 00:00:00 UTC,1634.4198849990900
2023-09-18 00:00:00 UTC,1622.47877705834
2023-09-19 00:00:00 UTC,1636.6346089914600
2023-09-20 00:00:00 UTC,1643.69841825706
2023-09-21 00:00:00 UTC,1621.5329552921700
2023-09-22 00:00:00 UTC,1583.824247006600
2023-09-23 00:00:00 UTC,1593.47015355046
2023-09-24 00:00:00 UTC,1593.1799744357900
2023-09-25 00:00:00 UTC,1580.4777945863700
2023-09-26 00:00:00 UTC,1588.4711834402000
2023-09-27 00:00:00 UTC,1592.4861256187200
2023-09-28 00:00:00 UTC,1597.4168102615000
2023-09-29 00:00:00 UTC,1652.196396535430
2023-09-30 00:00:00 UTC,1667.9888487709600
2023-10-01 00:00:00 UTC,1670.9989557571500
2023-10-02 00:00:00 UTC,1733.8180349157000
2023-10-03 00:00:00 UTC,1665.2764251106700
2023-10-04 00:00:00 UTC,1656.3220030722500
2023-10-05 00:00:00 UTC,1648.1933725281100
2023-10-06 00:00:00 UTC,1612.9948892467300
2023-10-07 00:00:00 UTC,1646.393402292890
2023-10-08 00:00:00 UTC,1635.0828552489800
2023-10-09 00:00:00 UTC,1634.2216551482700
2023-10-10 00:00:00 UTC,1580.1777604853500
2023-10-11 00:00:00 UTC,1567.4582264893000
2023-10-12 00:00:00 UTC,1564.9162030441000
2023-10-13 00:00:00 UTC,1536.812804708380
2023-10-14 00:00:00 UTC,1550.9668729956600
2023-10-15 00:00:00 UTC,1555.4562079337300
2023-10-16 00:00:00 UTC,1557.7608092483300
2023-10-17 00:00:00 UTC,1601.2321896426600
2023-10-18 00:00:00 UTC,1565.060587724060
2023-10-19 00:00:00 UTC,1564.0711872017100
2023-10-20 00:00:00 UTC,1568.3746833451900
2023-10-21 00:00:00 UTC,1603.9099355967800
2023-10-22 00:00:00 UTC,1629.2955293417400
2023-10-23 00:00:00 UTC,1664.5706380939300
2023-10-24 00:00:00 UTC,1764.9303085804000
2023-10-25 00:00:00 UTC,1784.773410988580
2023-10-26 00:00:00 UTC,1785.555149097490
2023-10-27 00:00:00 UTC,1804.1617691384600
2023-10-28 00:00:00 UTC,1780.5704118622900
2023-10-29 00:00:00 UTC,1776.3535658345300
2023-10-30 00:00:00 UTC,1798.1654135455100
2023-10-31 00:00:00 UTC,1809.639301345050
2023-11-01 00:00:00 UTC,1816.803148929950
2023-11-02 00:00:00 UTC,1846.482230513470
2023-11-03 00:00:00 UTC,1800.9071798806300
2023-11-04 00:00:00 UTC,1834.1730567056400
2023-11-05 00:00:00 UTC,1855.454385276210
2023-11-06 00:00:00 UTC,1895.9380660074200
2023-11-07 00:00:00 UTC,1898.5182255844200
2023-11-08 00:00:00 UTC,1887.315321843380
2023-11-09 00:00:00 UTC,1891.491779137150
2023-11-10 00:00:00 UTC,2128.6095039438600
2023-11-11 00:00:00 UTC,2078.853466304060
2023-11-12 00:00:00 UTC,2052.994586063760
2023-11-13 00:00:00 UTC,2046.0870799735500
2023-11-14 00:00:00 UTC,2060.5328561356900
2023-11-15 00:00:00 UTC,1980.5154306252400
2023-11-16 00:00:00 UTC,2061.635532253060
2023-11-17 00:00:00 UTC,1962.243839589890
2023-11-18 00:00:00 UTC,1956.5174321166100
2023-11-19 00:00:00 UTC,1962.6305661102000
2023-11-20 00:00:00 UTC,2011.1267210635300
2023-11-21 00:00:00 UTC,2022.3881475372500
2023-11-22 00:00:00 UTC,1940.4448103653
2023-11-23 00:00:00 UTC,2065.9414413104000
2023-11-24 00:00:00 UTC,2062.269551857860
2023-11-25 00:00:00 UTC,2080.8517575183500
2023-11-26 00:00:00 UTC,2085.426621540020
2023-11-27 00:00:00 UTC,2064.0742181655300
2023-11-28 00:00:00 UTC,2030.000505811860
2023-11-29 00:00:00 UTC,2048.535256652580
2023-11-30 00:00:00 UTC,2025.9373276989
2023-12-01 00:00:00 UTC,2051.7567179447000
2023-12-02 00:00:00 UTC,2085.7123613209400
2023-12-03 00:00:00 UTC,2165.297880951400
2023-12-04 00:00:00 UTC,2190.7040403697100
2023-12-05 00:00:00 UTC,2242.961542677480
2023-12-06 00:00:00 UTC,2294.0951698534100
2023-12-07 00:00:00 UTC,2232.0254402104600
2023-12-08 00:00:00 UTC,2354.386930946090
2023-12-09 00:00:00 UTC,2359.8890564833300
2023-12-10 00:00:00 UTC,2341.07248115182
2023-12-11 00:00:00 UTC,2352.0987284889200
2023-12-12 00:00:00 UTC,2222.3468384000300
2023-12-13 00:00:00 UTC,2200.3337161808700
2023-12-14 00:00:00 UTC,2260.8823525751100
2023-12-15 00:00:00 UTC,2317.4650743737000
2023-12-16 00:00:00 UTC,2219.9516178764100
2023-12-17 00:00:00 UTC,2227.936447135480
2023-12-18 00:00:00 UTC,2199.5401211883900
2023-12-19 00:00:00 UTC,2216.929013563490
2023-12-20 00:00:00 UTC,2176.8394126574400
2023-12-21 00:00:00 UTC,2198.421404460540
2023-12-22 00:00:00 UTC,2236.186961753280
2023-12-23 00:00:00 UTC,2327.048962711540
2023-12-24 00:00:00 UTC,2310.955662998270
2023-12-25 00:00:00 UTC,2264.911143671660
2023-12-26 00:00:00 UTC,2273.6326121146500
2023-12-27 00:00:00 UTC,2230.8761843957800
2023-12-28 00:00:00 UTC,2376.771249284190
2023-12-29 00:00:00 UTC,2345.2607087446900
2023-12-30 00:00:00 UTC,2299.5262072752600
2023-12-31 00:00:00 UTC,2294.3440063451
2024-01-01 00:00:00 UTC,2279.9410085689600
2024-01-02 00:00:00 UTC,2350.0262860085100
2024-01-03 00:00:00 UTC,2360.7821195890900
2024-01-04 00:00:00 UTC,2211.1708278638800
2024-01-05 00:00:00 UTC,2270.977439333730
2024-01-06 00:00:00 UTC,2267.087035484660
2024-01-07 00:00:00 UTC,2241.5108270042400
2024-01-08 00:00:00 UTC,2220.151561688880
2024-01-09 00:00:00 UTC,2331.6603294356400
2024-01-10 00:00:00 UTC,2341.160624264100
2024-01-11 00:00:00 UTC,2588.769163919150
2024-01-12 00:00:00 UTC,2618.3298618964900
2024-01-13 00:00:00 UTC,2524.5016938912400
2024-01-14 00:00:00 UTC,2575.9247354333500
2024-01-15 00:00:00 UTC,2477.9374784307700
2024-01-16 00:00:00 UTC,2515.3199803937000
2024-01-17 00:00:00 UTC,2589.4826316304300
2024-01-18 00:00:00 UTC,2528.3287854519400
2024-01-19 00:00:00 UTC,2467.3289785137300
2024-01-20 00:00:00 UTC,2489.6180646533800
2024-01-21 00:00:00 UTC,2470.2636151036800
2024-01-22 00:00:00 UTC,2454.909543339830
2024-01-23 00:00:00 UTC,2307.5870034987700
2024-01-24 00:00:00 UTC,2241.942776155340
2024-01-25 00:00:00 UTC,2236.7393130974100
2024-01-26 00:00:00 UTC,2219.6145274459200
2024-01-27 00:00:00 UTC,2268.8707315074700
2024-01-28 00:00:00 UTC,2267.907851752530
2024-01-29 00:00:00 UTC,2257.0544646456100
2024-01-30 00:00:00 UTC,2314.59472753004
2024-01-31 00:00:00 UTC,2344.001400019650
2024-02-01 00:00:00 UTC,2282.4858670158400
2024-02-02 00:00:00 UTC,2301.737299308670
2024-02-03 00:00:00 UTC,2307.4329984830900
2024-02-04 00:00:00 UTC,2294.7159248044100
2024-02-05 00:00:00 UTC,2290.084492877090
2024-02-06 00:00:00 UTC,2298.669906674280
2024-02-07 00:00:00 UTC,2372.7608787345300
2024-02-08 00:00:00 UTC,2424.0730404652100
2024-02-09 00:00:00 UTC,2420.9685614791400
2024-02-10 00:00:00 UTC,2487.8508971967800
2024-02-11 00:00:00 UTC,2499.4921841564300
2024-02-12 00:00:00 UTC,2505.076808453920
2024-02-13 00:00:00 UTC,2657.990407976780
2024-02-14 00:00:00 UTC,2641.5360974921600
2024-02-15 00:00:00 UTC,2780.372974906560
2024-02-16 00:00:00 UTC,2826.821475855180
2024-02-17 00:00:00 UTC,2807.3717030539600
2024-02-18 00:00:00 UTC,2788.561332499610
2024-02-19 00:00:00 UTC,2874.945276040070
2024-02-20 00:00:00 UTC,2943.723084777660
2024-02-21 00:00:00 UTC,3015.438952062060
2024-02-22 00:00:00 UTC,2977.0820166829900
2024-02-23 00:00:00 UTC,2974.1315861319900
2024-02-24 00:00:00 UTC,2926.2859129063500
2024-02-25 00:00:00 UTC,2988.317384063570
2024-02-26 00:00:00 UTC,3113.4082982877200
2024-02-27 00:00:00 UTC,3173.62994683714
2024-02-28 00:00:00 UTC,3242.0476538223700
2024-02-29 00:00:00 UTC,3380.8039555421200
2024-03-01 00:00:00 UTC,3347.6904724233500
2024-03-02 00:00:00 UTC,3431.75199772032
2024-03-03 00:00:00 UTC,3421.89214692414
2024-03-04 00:00:00 UTC,3487.190931866780
2024-03-05 00:00:00 UTC,3634.311067557100
2024-03-06 00:00:00 UTC,3581.5348849085700
2024-03-07 00:00:00 UTC,3822.365818156150
2024-03-08 00:00:00 UTC,3861.9009990137700
2024-03-09 00:00:00 UTC,3893.6138841967000
2024-03-10 00:00:00 UTC,3916.041187699100
2024-03-11 00:00:00 UTC,3887.473104733290
2024-03-12 00:00:00 UTC,4070.6040749870000
2024-03-13 00:00:00 UTC,3978.685771378110
2024-03-14 00:00:00 UTC,4007.9121260756700
2024-03-15 00:00:00 UTC,3879.038366642960
2024-03-16 00:00:00 UTC,3738.381184462070
2024-03-17 00:00:00 UTC,3514.222472178160
2024-03-18 00:00:00 UTC,3643.280347379830
2024-03-19 00:00:00 UTC,3525.8936406700200
2024-03-20 00:00:00 UTC,3171.293836639820
2024-03-21 00:00:00 UTC,3515.6884318548600
2024-03-22 00:00:00 UTC,3493.4304387798700
2024-03-23 00:00:00 UTC,3322.891277320320
2024-03-24 00:00:00 UTC,3353.371241538490
2024-03-25 00:00:00 UTC,3454.257071389560
2024-03-26 00:00:00 UTC,3588.493402189290
2024-03-27 00:00:00 UTC,3591.5485279028400
2024-03-28 00:00:00 UTC,3505.2181161827000
2024-03-29 00:00:00 UTC,3560.26151146781
2024-03-30 00:00:00 UTC,3516.096057627980
2024-03-31 00:00:00 UTC,3507.6606559474700
2024-04-01 00:00:00 UTC,3644.767598784900
2024-04-02 00:00:00 UTC,3508.2477201085400
2024-04-03 00:00:00 UTC,3274.901203544410
2024-04-04 00:00:00 UTC,3316.6829546775300
2024-04-05 00:00:00 UTC,3332.089836615910
2024-04-06 00:00:00 UTC,3320.2815889834400
2024-04-07 00:00:00 UTC,3362.838907503290
2024-04-08 00:00:00 UTC,3453.4361261792900
2024-04-09 00:00:00 UTC,3695.239391141910
2024-04-10 00:00:00 UTC,3503.6535996841000
2024-04-11 00:00:00 UTC,3539.7630640649400
2024-04-12 00:00:00 UTC,3508.5784984486400
2024-04-13 00:00:00 UTC,3245.5005926983200
2024-04-14 00:00:00 UTC,3022.0057852476000
2024-04-15 00:00:00 UTC,3157.683765827800
2024-04-16 00:00:00 UTC,3101.190735674770
2024-04-17 00:00:00 UTC,3083.7060147660700
2024-04-18 00:00:00 UTC,2982.6157347098000
2024-04-19 00:00:00 UTC,3064.9115922294300
2024-04-20 00:00:00 UTC,3065.682561565910
2024-04-21 00:00:00 UTC,3152.1915066519500
2024-04-22 00:00:00 UTC,3147.13775429932
2024-04-23 00:00:00 UTC,3199.769589894070
2024-04-24 00:00:00 UTC,3218.9672686428100
2024-04-25 00:00:00 UTC,3138.814357009400
2024-04-26 00:00:00 UTC,3157.6193174815900
2024-04-27 00:00:00 UTC,3131.4192197400500
2024-04-28 00:00:00 UTC,3259.2522227654400
2024-04-29 00:00:00 UTC,3259.503404256030
2024-04-30 00:00:00 UTC,3213.6890004948100
2024-05-01 00:00:00 UTC,3018.549635877820
2024-05-02 00:00:00 UTC,2976.0902075157000
2024-05-03 00:00:00 UTC,2988.5486490452700
2024-05-04 00:00:00 UTC,3102.1512923656600
2024-05-05 00:00:00 UTC,3115.0233215730100
2024-05-06 00:00:00 UTC,3136.57511039041
2024-05-07 00:00:00 UTC,3064.5913995603400
2024-05-08 00:00:00 UTC,3015.1597696166800
2024-05-09 00:00:00 UTC,2975.72696606529
2024-05-10 00:00:00 UTC,3038.3447046668200
2024-05-11 00:00:00 UTC,2910.684500017480
2024-05-12 00:00:00 UTC,2908.9827849031900
2024-05-13 00:00:00 UTC,2931.3106669139100
2024-05-14 00:00:00 UTC,2948.3034552659400
2024-05-15 00:00:00 UTC,2881.7959916152900
2024-05-16 00:00:00 UTC,3035.758955126300
2024-05-17 00:00:00 UTC,2943.5851283842200
2024-05-18 00:00:00 UTC,3095.9968442929700
2024-05-19 00:00:00 UTC,3120.5493782541100
2024-05-20 00:00:00 UTC,3071.324418093760
2024-05-21 00:00:00 UTC,3656.390090299320
2024-05-22 00:00:00 UTC,3792.486220211770
2024-05-23 00:00:00 UTC,3741.897740560910
2024-05-24 00:00:00 UTC,3766.398091341940
2024-05-25 00:00:00 UTC,3727.065981583210
2024-05-26 00:00:00 UTC,3750.077159389680
2024-05-27 00:00:00 UTC,3825.277957577710
2024-05-28 00:00:00 UTC,3893.3921058941100
2024-05-29 00:00:00 UTC,3840.68886040005
2024-05-30 00:00:00 UTC,3765.3025567780800
2024-05-31 00:00:00 UTC,3748.6391523334600
2024-06-01 00:00:00 UTC,3761.0692456476300
2024-06-02 00:00:00 UTC,3813.452441559930
2024-06-03 00:00:00 UTC,3780.7119847349100
2024-06-04 00:00:00 UTC,3766.6376499412600
2024-06-05 00:00:00 UTC,3814.932030146500
2024-06-06 00:00:00 UTC,3871.0820906216700
2024-06-07 00:00:00 UTC,3812.701856549200
2024-06-08 00:00:00 UTC,3679.3766523741800
2024-06-09 00:00:00 UTC,3683.0253801346500
2024-06-10 00:00:00 UTC,3705.8998844045500
2024-06-11 00:00:00 UTC,3666.8276647258200
2024-06-12 00:00:00 UTC,3498.5559542215800
2024-06-13 00:00:00 UTC,3559.4475336257600
2024-06-14 00:00:00 UTC,3465.316584199480
2024-06-15 00:00:00 UTC,3478.7748349889200
2024-06-16 00:00:00 UTC,3565.1232591862600
2024-06-17 00:00:00 UTC,3618.508652976100
2024-06-18 00:00:00 UTC,3510.3586935289000
2024-06-19 00:00:00 UTC,3480.4713384276100
2024-06-20 00:00:00 UTC,3555.9658395535400
2024-06-21 00:00:00 UTC,3511.28482815368
2024-06-22 00:00:00 UTC,3516.88098000528
2024-06-23 00:00:00 UTC,3494.7985621731800
2024-06-24 00:00:00 UTC,3417.7971372978300
2024-06-25 00:00:00 UTC,3357.1006400727600
2024-06-26 00:00:00 UTC,3395.304687339690
2024-06-27 00:00:00 UTC,3365.9446697083900
2024-06-28 00:00:00 UTC,3442.910158110130
2024-06-29 00:00:00 UTC,3374.6051303067900
2024-06-30 00:00:00 UTC,3371.278227967460
2024-07-01 00:00:00 UTC,3435.3183276337400
2024-07-02 00:00:00 UTC,3438.009078999910
2024-07-03 00:00:00 UTC,3417.8984255478400
2024-07-04 00:00:00 UTC,3295.808464429980
2024-07-05 00:00:00 UTC,3069.0434008340800
2024-07-06 00:00:00 UTC,2984.398102498260
2024-07-07 00:00:00 UTC,3066.247437954060
2024-07-08 00:00:00 UTC,2928.6012310061700
2024-07-09 00:00:00 UTC,3016.0833537946100
2024-07-10 00:00:00 UTC,3064.0923605197900
2024-07-11 00:00:00 UTC,3099.7101861313500
2024-07-12 00:00:00 UTC,3102.0902302291100
2024-07-13 00:00:00 UTC,3132.980838609700
2024-07-14 00:00:00 UTC,3173.5042341380200
2024-07-15 00:00:00 UTC,3252.654184707360
2024-07-16 00:00:00 UTC,3488.5387580277200
2024-07-17 00:00:00 UTC,3446.7658893041000
2024-07-18 00:00:00 UTC,3389.441287038120
2024-07-19 00:00:00 UTC,3428.5520187667300
2024-07-20 00:00:00 UTC,3505.222536388450
2024-07-21 00:00:00 UTC,3522.8013028122500
2024-07-22 00:00:00 UTC,3533.118349531150
2024-07-23 00:00:00 UTC,3443.073350817140
2024-07-24 00:00:00 UTC,3482.9837705931900
2024-07-25 00:00:00 UTC,3336.3802530382400
2024-07-26 00:00:00 UTC,3173.7633983274700
2024-07-27 00:00:00 UTC,3278.1869575279500
2024-07-28 00:00:00 UTC,3254.611672582790
2024-07-29 00:00:00 UTC,3272.8501306701400
2024-07-30 00:00:00 UTC,3316.942188773210
2024-07-31 00:00:00 UTC,3276.981779516740
2024-08-01 00:00:00 UTC,3233.076804863120
2024-08-02 00:00:00 UTC,3204.2465237463600
2024-08-03 00:00:00 UTC,2983.300976694290
2024-08-04 00:00:00 UTC,2906.7150241765000
2024-08-05 00:00:00 UTC,2682.4373928187900
2024-08-06 00:00:00 UTC,2415.6311394312100
2024-08-07 00:00:00 UTC,2455.51137665051
2024-08-08 00:00:00 UTC,2341.590346028250
2024-08-09 00:00:00 UTC,2685.012750687490
2024-08-10 00:00:00 UTC,2602.1840712761900
2024-08-11 00:00:00 UTC,2608.0357436287000
2024-08-12 00:00:00 UTC,2558.790870730740
2024-08-13 00:00:00 UTC,2726.777988551930
2024-08-14 00:00:00 UTC,2703.5505587641300
2024-08-15 00:00:00 UTC,2662.780395092490
2024-08-16 00:00:00 UTC,2569.8604812159300
2024-08-17 00:00:00 UTC,2592.249006212310
2024-08-18 00:00:00 UTC,2613.139261446100
2024-08-19 00:00:00 UTC,2614.6012806263700
2024-08-20 00:00:00 UTC,2640.5904207330600
2024-08-21 00:00:00 UTC,2575.643435503570
2024-08-22 00:00:00 UTC,2630.2988017642500
2024-08-23 00:00:00 UTC,2623.289171364540
2024-08-24 00:00:00 UTC,2763.2554073640700
2024-08-25 00:00:00 UTC,2767.840733546230
2024-08-26 00:00:00 UTC,2745.164671605210
2024-08-27 00:00:00 UTC,2683.0801154903000
2024-08-28 00:00:00 UTC,2457.2773517547400
2024-08-29 00:00:00 UTC,2527.0269814017700
2024-08-30 00:00:00 UTC,2526.7383553003400
2024-08-31 00:00:00 UTC,2527.690204915800
2024-09-01 00:00:00 UTC,2513.3643501004500
2024-09-02 00:00:00 UTC,2430.0202661439300
2024-09-03 00:00:00 UTC,2534.9048168403700
2024-09-04 00:00:00 UTC,2437.1471557556500
2024-09-05 00:00:00 UTC,2448.30785784089
2024-09-06 00:00:00 UTC,2367.7700509506000
2024-09-07 00:00:00 UTC,2223.780428382690
2024-09-08 00:00:00 UTC,2272.6972849951900
2024-09-09 00:00:00 UTC,2296.4029520764500
2024-09-10 00:00:00 UTC,2359.565766831630
2024-09-11 00:00:00 UTC,2389.4740111256500
2024-09-12 00:00:00 UTC,2342.9639236941400
2024-09-13 00:00:00 UTC,2362.300238174590
2024-09-14 00:00:00 UTC,2445.08621032297
2024-09-15 00:00:00 UTC,2418.0828083179900
2024-09-16 00:00:00 UTC,2322.6433317480600
2024-09-17 00:00:00 UTC,2295.1348386540800
2024-09-18 00:00:00 UTC,2341.0924132597500
2024-09-19 00:00:00 UTC,2361.960992100710
2024-09-20 00:00:00 UTC,2465.2347833173000
2024-09-21 00:00:00 UTC,2557.6218555442500
2024-09-22 00:00:00 UTC,2614.599604753500
2024-09-23 00:00:00 UTC,2582.847683741260
2024-09-24 00:00:00 UTC,2647.9931622033300
2024-09-25 00:00:00 UTC,2653.844345308010
2024-09-26 00:00:00 UTC,2578.566359563480
2024-09-27 00:00:00 UTC,2630.94983700893
2024-09-28 00:00:00 UTC,2698.1928212346000
2024-09-29 00:00:00 UTC,2680.218702062470
2024-09-30 00:00:00 UTC,2659.611211611690
2024-10-01 00:00:00 UTC,2597.3411516834400
2024-10-02 00:00:00 UTC,2451.631522589770
2024-10-03 00:00:00 UTC,2365.231040243020
2024-10-04 00:00:00 UTC,2348.0048369247400
2024-10-05 00:00:00 UTC,2416.9184055552600
2024-10-06 00:00:00 UTC,2415.4038137445500
2024-10-07 00:00:00 UTC,2438.030912544010
2024-10-08 00:00:00 UTC,2422.7506412955000
2024-10-09 00:00:00 UTC,2441.4651696200300
2024-10-10 00:00:00 UTC,2367.615096789400
2024-10-11 00:00:00 UTC,2381.7817088014800
2024-10-12 00:00:00 UTC,2435.7137843692200
2024-10-13 00:00:00 UTC,2477.6130275578200
2024-10-14 00:00:00 UTC,2466.8607267086700
2024-10-15 00:00:00 UTC,2628.504376157750
2024-10-16 00:00:00 UTC,2602.0760435961000
2024-10-17 00:00:00 UTC,2611.700159182400
2024-10-18 00:00:00 UTC,2603.1202923346100
2024-10-19 00:00:00 UTC,2643.156520987100
2024-10-20 00:00:00 UTC,2649.979289580210
2024-10-21 00:00:00 UTC,2742.9591411600400
2024-10-22 00:00:00 UTC,2665.731938974010
2024-10-23 00:00:00 UTC,2619.5653130506400
2024-10-24 00:00:00 UTC,2524.1038563091200
2024-10-25 00:00:00 UTC,2536.234041319880
2024-10-26 00:00:00 UTC,2422.09328922875
2024-10-27 00:00:00 UTC,2479.3736032443300
2024-10-28 00:00:00 UTC,2505.502947138880
2024-10-29 00:00:00 UTC,2564.8138556783000
2024-10-30 00:00:00 UTC,2638.637351278120
2024-10-31 00:00:00 UTC,2657.6141818494400
2024-11-01 00:00:00 UTC,2514.750787241070
2024-11-02 00:00:00 UTC,2513.8372870612100
2024-11-03 00:00:00 UTC,2491.352150058660
2024-11-04 00:00:00 UTC,2456.979687344710
2024-11-05 00:00:00 UTC,2395.9472139132800
2024-11-06 00:00:00 UTC,2422.368479855640
2024-11-07 00:00:00 UTC,2720.6217450068800
2024-11-08 00:00:00 UTC,2894.9718733838400
2024-11-09 00:00:00 UTC,2960.9593369382100
2024-11-10 00:00:00 UTC,3130.035524074000
2024-11-11 00:00:00 UTC,3191.9044555518200
2024-11-12 00:00:00 UTC,3372.7914863430100
2024-11-13 00:00:00 UTC,3260.934386131160
2024-11-14 00:00:00 UTC,3191.8991843987900
2024-11-15 00:00:00 UTC,3059.812296932500
2024-11-16 00:00:00 UTC,3093.913043390380
2024-11-17 00:00:00 UTC,3133.8802234191400
2024-11-18 00:00:00 UTC,3075.534532601620
2024-11-19 00:00:00 UTC,3209.4239073326800
2024-11-20 00:00:00 UTC,3112.9098010150200
2024-11-21 00:00:00 UTC,3075.193856649330
2024-11-22 00:00:00 UTC,3365.9369715466100
2024-11-23 00:00:00 UTC,3327.7571951719600
2024-11-24 00:00:00 UTC,3394.036961782550
2024-11-25 00:00:00 UTC,3368.7027619429900
2024-11-26 00:00:00 UTC,3417.291223691940
2024-11-27 00:00:00 UTC,3325.636532587650
2024-11-28 00:00:00 UTC,3666.1884904377600
2024-11-29 00:00:00 UTC,3579.2407862475000
2024-11-30 00:00:00 UTC,3598.1933212253600
2024-12-01 00:00:00 UTC,3709.9094391073300
2024-12-02 00:00:00 UTC,3708.8072387383000
2024-12-03 00:00:00 UTC,3643.855375704240
2024-12-04 00:00:00 UTC,3625.7104579497200
2024-12-05 00:00:00 UTC,3839.443460715870
2024-12-06 00:00:00 UTC,3796.8688671601300
2024-12-07 00:00:00 UTC,4013.726145388710
2024-12-08 00:00:00 UTC,4000.992076502190
2024-12-09 00:00:00 UTC,4015.7820212328800
2024-12-10 00:00:00 UTC,3713.3138979971700
2024-12-11 00:00:00 UTC,3626.5886417775000
2024-12-12 00:00:00 UTC,3828.1075883404100
2024-12-13 00:00:00 UTC,3878.850012073050
2024-12-14 00:00:00 UTC,3907.4296595053400
2024-12-15 00:00:00 UTC,3866.9958020348100
2024-12-16 00:00:00 UTC,3961.3154661802300
2024-12-17 00:00:00 UTC,3992.857195846060
2024-12-18 00:00:00 UTC,3879.4062240100900
2024-12-19 00:00:00 UTC,3628.2624780445000
2024-12-20 00:00:00 UTC,3434.6754695380800
2024-12-21 00:00:00 UTC,3468.658920056450
2024-12-22 00:00:00 UTC,3337.5972231166800
2024-12-23 00:00:00 UTC,3275.8894274015100
2024-12-24 00:00:00 UTC,3414.6414419808000
2024-12-25 00:00:00 UTC,3497.555287927570
2024-12-26 00:00:00 UTC,3494.5109273631000
2024-12-27 00:00:00 UTC,3327.7897761683500
2024-12-28 00:00:00 UTC,3328.6111553091800
2024-12-29 00:00:00 UTC,3397.8341205085200
2024-12-30 00:00:00 UTC,3357.330742971460
2024-12-31 00:00:00 UTC,3359.513941757390
2025-01-01 00:00:00 UTC,3336.6175137659500
2025-01-02 00:00:00 UTC,3348.967247123590
2025-01-03 00:00:00 UTC,3448.140436960940
2025-01-04 00:00:00 UTC,3604.2913795931800
2025-01-05 00:00:00 UTC,3660.37804173532
2025-01-06 00:00:00 UTC,3635.8549961807100
2025-01-07 00:00:00 UTC,3687.1447140588300
2025-01-08 00:00:00 UTC,3380.0211263090200
2025-01-09 00:00:00 UTC,3325.1300293537400
2025-01-10 00:00:00 UTC,3219.09284475812
2025-01-11 00:00:00 UTC,3269.1759954060700
2025-01-12 00:00:00 UTC,3283.591322828500
2025-01-13 00:00:00 UTC,3264.070968533690
2025-01-14 00:00:00 UTC,3134.5520394596500
2025-01-15 00:00:00 UTC,3224.8006483414100
2025-01-16 00:00:00 UTC,3447.0340476748000
2025-01-17 00:00:00 UTC,3309.4466139900200
2025-01-18 00:00:00 UTC,3477.284285084810
2025-01-19 00:00:00 UTC,3309.0995676200000
2025-01-20 00:00:00 UTC,3208.1365439891500
2025-01-21 00:00:00 UTC,3263.069869880810
2025-01-22 00:00:00 UTC,3326.0285404709100
2025-01-23 00:00:00 UTC,3237.2996671291400
2025-01-24 00:00:00 UTC,3332.580893146160
2025-01-25 00:00:00 UTC,3311.8499838687
2025-01-26 00:00:00 UTC,3320.1314101789500
2025-01-27 00:00:00 UTC,3232.2767744705600
2025-01-28 00:00:00 UTC,3173.5346079397200
2025-01-29 00:00:00 UTC,3076.4937692857200
2025-01-30 00:00:00 UTC,3114.4358854363100
2025-01-31 00:00:00 UTC,3248.249484352310
2025-02-01 00:00:00 UTC,3296.390634843650
2025-02-02 00:00:00 UTC,3125.0386801320900
2025-02-03 00:00:00 UTC,2862.6976188716300
2025-02-04 00:00:00 UTC,2877.8138239498800
2025-02-05 00:00:00 UTC,2740.3809762760100
2025-02-06 00:00:00 UTC,2790.5521609256100
2025-02-07 00:00:00 UTC,2686.662316793650
2025-02-08 00:00:00 UTC,2623.4507017824800
2025-02-09 00:00:00 UTC,2635.6011418023400
2025-02-10 00:00:00 UTC,2632.5358220552500
2025-02-11 00:00:00 UTC,2660.2967996436400
2025-02-12 00:00:00 UTC,2603.0333698049300
2025-02-13 00:00:00 UTC,2736.2703136032400
2025-02-14 00:00:00 UTC,2675.7090007037600
2025-02-15 00:00:00 UTC,2724.6698335874000
2025-02-16 00:00:00 UTC,2692.8213863864300
2025-02-17 00:00:00 UTC,2659.9017474093500
2025-02-18 00:00:00 UTC,2741.9050800956100
2025-02-19 00:00:00 UTC,2669.4945006896100
2025-02-20 00:00:00 UTC,2714.8018364720500
2025-02-21 00:00:00 UTC,2741.5933625994800
2025-02-22 00:00:00 UTC,2658.3470942919400
2025-02-23 00:00:00 UTC,2764.355233404290
2025-02-24 00:00:00 UTC,2827.1844084879800
2025-02-25 00:00:00 UTC,2503.103420098610
2025-02-26 00:00:00 UTC,2495.315451693050
2025-02-27 00:00:00 UTC,2325.853934699370
2025-02-28 00:00:00 UTC,2305.3229378029800
2025-03-01 00:00:00 UTC,2235.204208608960
2025-03-02 00:00:00 UTC,2212.8243514970000
2025-03-03 00:00:00 UTC,2517.3382391623000
2025-03-04 00:00:00 UTC,2148.199533470230
2025-03-05 00:00:00 UTC,2171.496943535020
2025-03-06 00:00:00 UTC,2241.3841149187300
2025-03-07 00:00:00 UTC,2202.3207363495400
2025-03-08 00:00:00 UTC,2140.7498089428900
2025-03-09 00:00:00 UTC,2199.9995000805700
2025-03-10 00:00:00 UTC,2017.265460184330
2025-03-11 00:00:00 UTC,1879.1231054991000
2025-03-12 00:00:00 UTC,1921.3099227587000
2025-03-13 00:00:00 UTC,1910.6551381032500
2025-03-14 00:00:00 UTC,1862.7949366490400
2025-03-15 00:00:00 UTC,1910.6662703455000
2025-03-16 00:00:00 UTC,1939.7856881721300
2025-03-17 00:00:00 UTC,1887.7643429692800
2025-03-18 00:00:00 UTC,1929.1833577618700
2025-03-19 00:00:00 UTC,1932.7964059050700
2025-03-20 00:00:00 UTC,2060.728601068270
2025-03-21 00:00:00 UTC,1980.831780524650
2025-03-22 00:00:00 UTC,1964.5293833168300
2025-03-23 00:00:00 UTC,1979.5449257666000
2025-03-24 00:00:00 UTC,2001.0470230951900
2025-03-25 00:00:00 UTC,2077.739325831980
2025-03-26 00:00:00 UTC,2068.598435049150
2025-03-27 00:00:00 UTC,2009.8835432902400
2025-03-28 00:00:00 UTC,2003.3034241292100
2025-03-29 00:00:00 UTC,1896.9173600460000
2025-03-30 00:00:00 UTC,1829.2745211803500
2025-03-31 00:00:00 UTC,1805.3378779435900
2025-04-01 00:00:00 UTC,1824.2071367609800
2025-04-02 00:00:00 UTC,1907.1671522994200
2025-04-03 00:00:00 UTC,1795.761850567480
2025-04-04 00:00:00 UTC,1818.2844199542100
2025-04-05 00:00:00 UTC,1814.4807753449500
2025-04-06 00:00:00 UTC,1809.935827172200
2025-04-07 00:00:00 UTC,1574.6321611455600
2025-04-08 00:00:00 UTC,1555.909812570870
2025-04-09 00:00:00 UTC,1471.3608854365500
2025-04-10 00:00:00 UTC,1662.5331604641600
2025-04-11 00:00:00 UTC,1523.928624242530
2025-04-12 00:00:00 UTC,1568.131690125940
2025-04-13 00:00:00 UTC,1645.8625733156500
2025-04-14 00:00:00 UTC,1595.4227460001100
2025-04-15 00:00:00 UTC,1621.543195596690
2025-04-16 00:00:00 UTC,1587.8222244021400
2025-04-17 00:00:00 UTC,1577.7073516760100
2025-04-18 00:00:00 UTC,1583.4764497002300
2025-04-19 00:00:00 UTC,1589.1516208270800
2025-04-20 00:00:00 UTC,1615.0502549158600
2025-04-21 00:00:00 UTC,1585.4600253443400
2025-04-22 00:00:00 UTC,1577.4465595922300
2025-04-23 00:00:00 UTC,1759.7064599311100
2025-04-24 00:00:00 UTC,1793.969849485530
2025-04-25 00:00:00 UTC,1769.3925107354400
2025-04-26 00:00:00 UTC,1788.7981804331300
2025-04-27 00:00:00 UTC,1821.2695303291400
2025-04-28 00:00:00 UTC,1793.6918440730100
2025-04-29 00:00:00 UTC,1799.50191449199
2025-04-30 00:00:00 UTC,1796.9720456768900
2025-05-01 00:00:00 UTC,1794.0495408617800
2025-05-02 00:00:00 UTC,1838.8543285925800
2025-05-03 00:00:00 UTC,1841.427590836960
2025-05-04 00:00:00 UTC,1834.501911876420
2025-05-05 00:00:00 UTC,1808.156093844100
2025-05-06 00:00:00 UTC,1820.0044598893600
2025-05-07 00:00:00 UTC,1816.1686943818400
2025-05-08 00:00:00 UTC,1810.3169269284500
2025-05-09 00:00:00 UTC,2197.5611893238800
2025-05-10 00:00:00 UTC,2341.407963002620
2025-05-11 00:00:00 UTC,2583.6829051429500
2025-05-12 00:00:00 UTC,2507.4693107597400
2025-05-13 00:00:00 UTC,2492.426391077380
2025-05-14 00:00:00 UTC,2676.639163127910
2025-05-15 00:00:00 UTC,2603.7180887199600
2025-05-16 00:00:00 UTC,2542.296692466800
2025-05-17 00:00:00 UTC,2544.3870377235700
2025-05-18 00:00:00 UTC,2475.0543933696900
2025-05-19 00:00:00 UTC,2465.3409856139100
2025-05-20 00:00:00 UTC,2526.989643891320
2025-05-21 00:00:00 UTC,2524.2743433146100
2025-05-22 00:00:00 UTC,2558.9502343769500
2025-05-23 00:00:00 UTC,2657.1674447566100
2025-05-24 00:00:00 UTC,2519.813809045150
2025-05-25 00:00:00 UTC,2529.4429842284400
2025-05-26 00:00:00 UTC,2546.6201163370900
2025-05-27 00:00:00 UTC,2562.1729286392200
2025-05-28 00:00:00 UTC,2662.0940568241400
2025-05-29 00:00:00 UTC,2676.2674124507
2025-05-30 00:00:00 UTC,2633.1392065286700
2025-05-31 00:00:00 UTC,2524.4762348050700
2025-06-01 00:00:00 UTC,2532.3627853090900
2025-06-02 00:00:00 UTC,2538.3300584367500
2025-06-03 00:00:00 UTC,2609.737253959440
2025-06-04 00:00:00 UTC,2595.4689570063000
2025-06-05 00:00:00 UTC,2610.343189828260
2025-06-06 00:00:00 UTC,2421.601103763500
2025-06-07 00:00:00 UTC,2481.4039836690300
2025-06-08 00:00:00 UTC,2526.291995889780
2025-06-09 00:00:00 UTC,2508.784123584590
2025-06-10 00:00:00 UTC,2685.0001850413200
2025-06-11 00:00:00 UTC,2808.503208314920
2025-06-12 00:00:00 UTC,2776.1371915822300
2025-06-13 00:00:00 UTC,2653.158968452670
2025-06-14 00:00:00 UTC,2577.04861752583
2025-06-15 00:00:00 UTC,2534.0702195359500
2025-06-16 00:00:00 UTC,2547.8456040920400
2025-06-17 00:00:00 UTC,2561.329843569430
2025-06-18 00:00:00 UTC,2514.986700576150
2025-06-19 00:00:00 UTC,2521.3334233964900
2025-06-20 00:00:00 UTC,2522.1791903642200
2025-06-21 00:00:00 UTC,2405.695434213180
2025-06-22 00:00:00 UTC,2270.581996055590
2025-06-23 00:00:00 UTC,2227.4287266371700
2025-06-24 00:00:00 UTC,2423.899644268610
2025-06-25 00:00:00 UTC,2446.539301545050
2025-06-26 00:00:00 UTC,2417.2267855277300
2025-06-27 00:00:00 UTC,2415.031864876590
2025-06-28 00:00:00 UTC,2423.0302896731700
2025-06-29 00:00:00 UTC,2437.133001780240
2025-06-30 00:00:00 UTC,2502.6672721177100
2025-07-01 00:00:00 UTC,2488.190781689800
2025-07-02 00:00:00 UTC,2405.1045592800200
2025-07-03 00:00:00 UTC,2574.067718495130
2025-07-04 00:00:00 UTC,2590.132231590220
2025-07-05 00:00:00 UTC,2509.236345783360
2025-07-06 00:00:00 UTC,2517.37917835065
2025-07-07 00:00:00 UTC,2571.358192115980
2025-07-08 00:00:00 UTC,2543.6317028067500
2025-07-09 00:00:00 UTC,2615.7759888945000
2025-07-10 00:00:00 UTC,2772.5795626609200
2025-07-11 00:00:00 UTC,2948.4462027029100
2025-07-12 00:00:00 UTC,2958.8514450991000
2025-07-13 00:00:00 UTC,2942.9616055388100
2025-07-14 00:00:00 UTC,2974.2654952333400
2025-07-15 00:00:00 UTC,3012.1797069059300
2025-07-16 00:00:00 UTC,3133.069857747010
2025-07-17 00:00:00 UTC,3368.126521526110
2025-07-18 00:00:00 UTC,3481.8828152374000
2025-07-19 00:00:00 UTC,3547.317079001210
2025-07-20 00:00:00 UTC,3594.3185010809700
2025-07-21 00:00:00 UTC,3758.605581813960
2025-07-22 00:00:00 UTC,3765.453624023570
2025-07-23 00:00:00 UTC,3746.9406687316300
2025-07-24 00:00:00 UTC,3630.053531480920
2025-07-25 00:00:00 UTC,3708.4299352383400
2025-07-26 00:00:00 UTC,3723.0529092785600
2025-07-27 00:00:00 UTC,3742.4314258659900
2025-07-28 00:00:00 UTC,3864.1248374654800
2025-07-29 00:00:00 UTC,3786.303845995960
2025-07-30 00:00:00 UTC,3788.5983716058200
2025-07-31 00:00:00 UTC,3807.4166010824200
2025-08-01 00:00:00 UTC,3696.6628530851200
2025-08-02 00:00:00 UTC,3483.1789551579500
2025-08-03 00:00:00 UTC,3397.4855484143200
2025-08-04 00:00:00 UTC,3497.573127822400
2025-08-05 00:00:00 UTC,3715.7090148550700
2025-08-06 00:00:00 UTC,3612.442432236670
2025-08-07 00:00:00 UTC,3684.0459195726700
2025-08-08 00:00:00 UTC,3911.2609462690800
2025-08-09 00:00:00 UTC,4012.97697001236
2025-08-10 00:00:00 UTC,4265.563258333520
2025-08-11 00:00:00 UTC,4253.591618951190
2025-08-12 00:00:00 UTC,4228.824213261160
2025-08-13 00:00:00 UTC,4606.809427709520
2025-08-14 00:00:00 UTC,4763.652535322160
2025-08-15 00:00:00 UTC,4554.291501538620
2025-08-16 00:00:00 UTC,4430.532465017840
2025-08-17 00:00:00 UTC,4426.826913311330
2025-08-18 00:00:00 UTC,4487.118013759230
2025-08-19 00:00:00 UTC,4317.2757573282300
2025-08-20 00:00:00 UTC,4074.495786100520
2025-08-21 00:00:00 UTC,4330.491598768080
2025-08-22 00:00:00 UTC,4224.438592580700
2025-08-23 00:00:00 UTC,4829.225541798330
2025-08-24 00:00:00 UTC,4773.884088598780
2025-08-25 00:00:00 UTC,4778.10916071381
2025-08-26 00:00:00 UTC,4381.626176071470
2025-08-27 00:00:00 UTC,4602.369685333970
2025-08-28 00:00:00 UTC,4500.1451479982300
2025-08-29 00:00:00 UTC,4507.560431032720
2025-08-30 00:00:00 UTC,4364.358521430430
2025-08-31 00:00:00 UTC,4373.360357620910
2025-09-01 00:00:00 UTC,4388.931464519360
2025-09-02 00:00:00 UTC,4303.202222745540
2025-09-03 00:00:00 UTC,4325.856306225940
2025-09-04 00:00:00 UTC,4449.8670977283300
2025-09-05 00:00:00 UTC,4298.094660544600
2025-09-06 00:00:00 UTC,4306.613513100350
2025-09-07 00:00:00 UTC,4273.110024157840
2025-09-08 00:00:00 UTC,4304.032421076040
2025-09-09 00:00:00 UTC,4309.685702772000
2025-09-10 00:00:00 UTC,4309.342746120010
2025-09-11 00:00:00 UTC,4347.476803670660
2025-09-12 00:00:00 UTC,4459.31901599882
2025-09-13 00:00:00 UTC,4708.841744150000
2025-09-14 00:00:00 UTC,4667.699652630320
2025-09-15 00:00:00 UTC,4609.786110950790
2025-09-16 00:00:00 UTC,4524.244939102520
2025-09-17 00:00:00 UTC,4504.266635522810
2025-09-18 00:00:00 UTC,4591.768794331330
2025-09-19 00:00:00 UTC,4590.6367372135200
2025-09-20 00:00:00 UTC,4470.479474009390
2025-09-21 00:00:00 UTC,4481.799472368210
2025-09-22 00:00:00 UTC,4452.87113037789
2025-09-23 00:00:00 UTC,4199.951774017640
2025-09-24 00:00:00 UTC,4166.1905498775300
2025-09-25 00:00:00 UTC,4148.65682762035
2025-09-26 00:00:00 UTC,3863.0632875907200
2025-09-27 00:00:00 UTC,4037.0979210260900
2025-09-28 00:00:00 UTC,4018.167453105730
2025-09-29 00:00:00 UTC,4141.839664086500
2025-09-30 00:00:00 UTC,4215.61278947927
2025-10-01 00:00:00 UTC,4144.230463371580
2025-10-02 00:00:00 UTC,4343.951983440490
2025-10-03 00:00:00 UTC,4484.006245909480
2025-10-04 00:00:00 UTC,4515.759068159720
2025-10-05 00:00:00 UTC,4487.706651673290
2025-10-06 00:00:00 UTC,4515.321391965300
2025-10-07 00:00:00 UTC,4689.131734746600